'2026-05-29 16:20:12 {main} INFO  c.u.m.c.CitasServiceApplication - Starting CitasServiceApplication using Java 17.0.12 with PID 1436 (D:\Proyecto - Progra 3\Revision Final\Proyecto-Final-Progra-3\Backend(Spring Boot)\Proyecto-Final-Progra-3-master\Hospital_La_Bendicion\microservicios\citas-service\target\classes started by Soporte in d:\Proyecto - Progra 3\Revision Final\Proyecto-Final-Progra-3\Backend(Spring Boot)\Proyecto-Final-Progra-3-master\Hospital_La_Bendicion\microservicios\citas-service)
''2026-05-29 16:20:12 {main} INFO  c.u.m.c.CitasServiceApplication - No active profile set, falling back to 1 default profile: "default"
''2026-05-29 16:20:12 {main} INFO  o.s.c.c.c.ConfigServerConfigDataLoader - Fetching config from server at : http://localhost:8888
''2026-05-29 16:20:12 {main} INFO  o.s.c.c.c.ConfigServerConfigDataLoader - Located environment: name=citas-service, profiles=[default], label=null, version=null, state=null
''2026-05-29 16:20:15 {main} INFO  o.s.d.r.c.RepositoryConfigurationDelegate - Bootstrapping Spring Data JPA repositories in DEFAULT mode.
''2026-05-29 16:20:16 {main} INFO  o.s.d.r.c.RepositoryConfigurationDelegate - Finished Spring Data repository scanning in 708 ms. Found 2 JPA repository interfaces.
''2026-05-29 16:20:17 {main} INFO  o.s.cloud.context.scope.GenericScope - BeanFactory id=9f5ad57d-2522-3c1e-9d43-ccd283aec3aa
''2026-05-29 16:20:18 {main} INFO  o.s.b.w.e.tomcat.TomcatWebServer - Tomcat initialized with port 8097 (http)
''2026-05-29 16:20:18 {main} INFO  o.a.catalina.core.StandardService - Starting service [Tomcat]
''2026-05-29 16:20:18 {main} INFO  o.a.catalina.core.StandardEngine - Starting Servlet engine: [Apache Tomcat/10.1.54]
''2026-05-29 16:20:18 {main} INFO  o.a.c.c.C.[Tomcat].[localhost].[/] - Initializing Spring embedded WebApplicationContext
''2026-05-29 16:20:18 {main} INFO  o.s.b.w.s.c.ServletWebServerApplicationContext - Root WebApplicationContext: initialization completed in 6390 ms
''2026-05-29 16:20:19 {main} INFO  o.h.jpa.internal.util.LogHelper - HHH000204: Processing PersistenceUnitInfo [name: default]
''2026-05-29 16:20:19 {main} INFO  org.hibernate.Version - HHH000412: Hibernate ORM core version 6.6.49.Final
''2026-05-29 16:20:20 {main} INFO  o.h.c.i.RegionFactoryInitiator - HHH000026: Second-level cache disabled
''2026-05-29 16:20:21 {main} INFO  o.s.o.j.p.SpringPersistenceUnitInfo - No LoadTimeWeaver setup: ignoring JPA class transformer
''2026-05-29 16:20:21 {main} INFO  com.zaxxer.hikari.HikariDataSource - HikariPool-1 - Starting...
''2026-05-29 16:20:21 {main} INFO  com.zaxxer.hikari.pool.HikariPool - HikariPool-1 - Added connection org.postgresql.jdbc.PgConnection@372f7bc
''2026-05-29 16:20:21 {main} INFO  com.zaxxer.hikari.HikariDataSource - HikariPool-1 - Start completed.
''2026-05-29 16:20:22 {main} WARN  org.hibernate.orm.deprecation - HHH90000025: PostgreSQLDialect does not need to be specified explicitly using 'hibernate.dialect' (remove the property setting and it will be selected by default)
''2026-05-29 16:20:22 {main} INFO  o.hibernate.orm.connections.pooling - HHH10001005: Database info:
	Database JDBC URL [Connecting through datasource 'HikariDataSource (HikariPool-1)']
	Database driver: undefined/unknown
	Database version: 16.13
	Autocommit mode: undefined/unknown
	Isolation level: undefined/unknown
	Minimum pool size: undefined/unknown
	Maximum pool size: undefined/unknown
''2026-05-29 16:20:24 {main} INFO  o.h.e.t.j.p.i.JtaPlatformInitiator - HHH000489: No JTA platform available (set 'hibernate.transaction.jta.platform' to enable JTA platform integration)
''2026-05-29 16:20:25 {main} INFO  o.s.o.j.LocalContainerEntityManagerFactoryBean - Initialized JPA EntityManagerFactory for persistence unit 'default'
''2026-05-29 16:20:25 {main} INFO  o.s.d.j.r.query.QueryEnhancerFactory - Hibernate is in classpath; If applicable, HQL parser will be used.
''2026-05-29 16:20:27 {main} WARN  o.s.b.a.o.j.JpaBaseConfiguration$JpaWebConfiguration - spring.jpa.open-in-view is enabled by default. Therefore, database queries may be performed during view rendering. Explicitly configure spring.jpa.open-in-view to disable this warning
''2026-05-29 16:20:27 {main} INFO  o.s.c.o.FeignClientFactoryBean - For 'medicos-service' URL not provided. Will try picking an instance via load-balancing.
''2026-05-29 16:20:27 {main} INFO  o.s.c.o.FeignClientFactoryBean - For 'pacientes-service' URL not provided. Will try picking an instance via load-balancing.
''2026-05-29 16:20:30 {main} INFO  o.s.c.n.e.c.DiscoveryClientOptionalArgsConfiguration - Eureka HTTP Client uses RestTemplate.
''2026-05-29 16:20:30 {main} WARN  o.s.c.l.c.LoadBalancerCacheAutoConfiguration$LoadBalancerCaffeineWarnLogger - Spring Cloud LoadBalancer is currently working with the default cache. While this cache implementation is useful for development and tests, it's recommended to use Caffeine cache in production.You can switch to using Caffeine cache, by adding it and org.springframework.cache.caffeine.CaffeineCacheManager to the classpath.
''2026-05-29 16:20:30 {main} INFO  o.s.c.n.eureka.InstanceInfoFactory - Setting initial instance status as: STARTING
''2026-05-29 16:20:30 {main} INFO  c.netflix.discovery.DiscoveryClient - Initializing Eureka in region us-east-1
''2026-05-29 16:20:30 {main} INFO  c.n.d.s.r.aws.ConfigClusterResolver - Resolving eureka endpoints via configuration
''2026-05-29 16:20:30 {main} INFO  c.netflix.discovery.DiscoveryClient - Disable delta property : false
''2026-05-29 16:20:30 {main} INFO  c.netflix.discovery.DiscoveryClient - Single vip registry refresh property : null
''2026-05-29 16:20:30 {main} INFO  c.netflix.discovery.DiscoveryClient - Force full registry fetch : false
''2026-05-29 16:20:30 {main} INFO  c.netflix.discovery.DiscoveryClient - Application is null : false
''2026-05-29 16:20:30 {main} INFO  c.netflix.discovery.DiscoveryClient - Registered Applications size is zero : true
''2026-05-29 16:20:30 {main} INFO  c.netflix.discovery.DiscoveryClient - Application version is -1: true
''2026-05-29 16:20:30 {main} INFO  c.netflix.discovery.DiscoveryClient - Getting all instance registry info from the eureka server
''2026-05-29 16:20:31 {main} INFO  c.netflix.discovery.DiscoveryClient - The response status is 200
''2026-05-29 16:20:31 {main} INFO  c.netflix.discovery.DiscoveryClient - Starting heartbeat executor: renew interval is: 30
''2026-05-29 16:20:31 {main} INFO  c.n.discovery.InstanceInfoReplicator - InstanceInfoReplicator onDemand update allowed rate per min is 4
''2026-05-29 16:20:31 {main} INFO  c.netflix.discovery.DiscoveryClient - Discovery Client initialized at timestamp 1780093231351 with initial instances count: 6
''2026-05-29 16:20:31 {main} INFO  o.s.c.n.e.s.EurekaServiceRegistry - Registering application CITAS-SERVICE with eureka with status UP
''2026-05-29 16:20:31 {main} INFO  c.netflix.discovery.DiscoveryClient - Saw local status change event StatusChangeEvent [timestamp=1780093231365, current=UP, previous=STARTING]
''2026-05-29 16:20:31 {DiscoveryClient-InstanceInfoReplicator-%d} INFO  c.netflix.discovery.DiscoveryClient - DiscoveryClient_CITAS-SERVICE/VITO:citas-service:8097: registering service...
''2026-05-29 16:20:31 {main} INFO  o.s.b.w.e.tomcat.TomcatWebServer - Tomcat started on port 8097 (http) with context path '/'
''2026-05-29 16:20:31 {main} INFO  o.s.c.n.e.s.EurekaAutoServiceRegistration - Updating port to 8097
''2026-05-29 16:20:31 {DiscoveryClient-InstanceInfoReplicator-%d} INFO  c.netflix.discovery.DiscoveryClient - DiscoveryClient_CITAS-SERVICE/VITO:citas-service:8097 - registration status: 204
''2026-05-29 16:20:31 {main} INFO  c.u.m.c.CitasServiceApplication - Started CitasServiceApplication in 23.119 seconds (process running for 25.28)
''2026-05-29 16:21:40 {http-nio-8097-exec-2} INFO  o.a.c.c.C.[Tomcat].[localhost].[/] - Initializing Spring DispatcherServlet 'dispatcherServlet'
''2026-05-29 16:21:40 {http-nio-8097-exec-2} INFO  o.s.web.servlet.DispatcherServlet - Initializing Servlet 'dispatcherServlet'
''2026-05-29 16:21:40 {http-nio-8097-exec-2} INFO  o.s.web.servlet.DispatcherServlet - Completed initialization in 171 ms
''2026-05-29 16:21:46 {http-nio-8097-exec-2} ERROR o.a.c.c.C.[.[.[.[dispatcherServlet] - Servlet.service() for servlet [dispatcherServlet] in context with path [] threw exception [Request processing failed: feign.FeignException$NotFound: [404] during [GET] to [http://pacientes-service/api/pacientes/email?email=elopez%40inforumsol.com] [PacientesClient#buscarPorEmail(String)]: [{"timestamp":"2026-05-29T22:21:46.143+00:00","status":404,"error":"Not Found","path":"/api/pacientes/email"}]] with root cause
'feign.FeignException$NotFound: [404] during [GET] to [http://pacientes-service/api/pacientes/email?email=elopez%40inforumsol.com] [PacientesClient#buscarPorEmail(String)]: [{"timestamp":"2026-05-29T22:21:46.143+00:00","status":404,"error":"Not Found","path":"/api/pacientes/email"}]
	at feign.FeignException.clientErrorStatus(FeignException.java:249)
	at feign.FeignException.errorStatus(FeignException.java:223)
	at feign.FeignException.errorStatus(FeignException.java:213)
	at feign.codec.ErrorDecoder$Default.decode(ErrorDecoder.java:103)
	at feign.InvocationContext.decodeError(InvocationContext.java:133)
	at feign.InvocationContext.proceed(InvocationContext.java:80)
	at feign.ResponseHandler.handleResponse(ResponseHandler.java:69)
	at feign.SynchronousMethodHandler.executeAndDecode(SynchronousMethodHandler.java:109)
	at feign.SynchronousMethodHandler.invoke(SynchronousMethodHandler.java:53)
	at feign.ReflectiveFeign$FeignInvocationHandler.invoke(ReflectiveFeign.java:104)
	at jdk.proxy2/jdk.proxy2.$Proxy154.buscarPorEmail(Unknown Source)
	at com.umg.microservicios.citas_service.service.CitaService.resolverPacienteId(CitaService.java:44)
	at com.umg.microservicios.citas_service.service.CitaService.obtenerHistorialPaciente(CitaService.java:175)
	at java.base/jdk.internal.reflect.NativeMethodAccessorImpl.invoke0(Native Method)
	at java.base/jdk.internal.reflect.NativeMethodAccessorImpl.invoke(NativeMethodAccessorImpl.java:77)
	at java.base/jdk.internal.reflect.DelegatingMethodAccessorImpl.invoke(DelegatingMethodAccessorImpl.java:43)
	at java.base/java.lang.reflect.Method.invoke(Method.java:568)
	at org.springframework.aop.support.AopUtils.invokeJoinpointUsingReflection(AopUtils.java:360)
	at org.springframework.aop.framework.CglibAopProxy$DynamicAdvisedInterceptor.intercept(CglibAopProxy.java:724)
	at com.umg.microservicios.citas_service.service.CitaService$$SpringCGLIB$$0.obtenerHistorialPaciente(<generated>)
	at com.umg.microservicios.citas_service.controller.CitaController.getMisCitas(CitaController.java:28)
	at java.base/jdk.internal.reflect.NativeMethodAccessorImpl.invoke0(Native Method)
	at java.base/jdk.internal.reflect.NativeMethodAccessorImpl.invoke(NativeMethodAccessorImpl.java:77)
	at java.base/jdk.internal.reflect.DelegatingMethodAccessorImpl.invoke(DelegatingMethodAccessorImpl.java:43)
	at java.base/java.lang.reflect.Method.invoke(Method.java:568)
	at org.springframework.web.method.support.InvocableHandlerMethod.doInvoke(InvocableHandlerMethod.java:258)
	at org.springframework.web.method.support.InvocableHandlerMethod.invokeForRequest(InvocableHandlerMethod.java:191)
	at org.springframework.web.servlet.mvc.method.annotation.ServletInvocableHandlerMethod.invokeAndHandle(ServletInvocableHandlerMethod.java:118)
	at org.springframework.web.servlet.mvc.method.annotation.RequestMappingHandlerAdapter.invokeHandlerMethod(RequestMappingHandlerAdapter.java:991)
	at org.springframework.web.servlet.mvc.method.annotation.RequestMappingHandlerAdapter.handleInternal(RequestMappingHandlerAdapter.java:896)
	at org.springframework.web.servlet.mvc.method.AbstractHandlerMethodAdapter.handle(AbstractHandlerMethodAdapter.java:87)
	at org.springframework.web.servlet.DispatcherServlet.doDispatch(DispatcherServlet.java:1089)
	at org.springframework.web.servlet.DispatcherServlet.doService(DispatcherServlet.java:979)
	at org.springframework.web.servlet.FrameworkServlet.processRequest(FrameworkServlet.java:1014)
	at org.springframework.web.servlet.FrameworkServlet.doGet(FrameworkServlet.java:903)
	at jakarta.servlet.http.HttpServlet.service(HttpServlet.java:564)
	at org.springframework.web.servlet.FrameworkServlet.service(FrameworkServlet.java:885)
	at jakarta.servlet.http.HttpServlet.service(HttpServlet.java:658)
	at org.apache.catalina.core.ApplicationFilterChain.internalDoFilter(ApplicationFilterChain.java:193)
	at org.apache.catalina.core.ApplicationFilterChain.doFilter(ApplicationFilterChain.java:138)
	at org.apache.tomcat.websocket.server.WsFilter.doFilter(WsFilter.java:51)
	at org.apache.catalina.core.ApplicationFilterChain.internalDoFilter(ApplicationFilterChain.java:162)
	at org.apache.catalina.core.ApplicationFilterChain.doFilter(ApplicationFilterChain.java:138)
	at org.springframework.web.filter.CorsFilter.doFilterInternal(CorsFilter.java:91)
	at org.springframework.web.filter.OncePerRequestFilter.doFilter(OncePerRequestFilter.java:116)
	at org.apache.catalina.core.ApplicationFilterChain.internalDoFilter(ApplicationFilterChain.java:162)
	at org.apache.catalina.core.ApplicationFilterChain.doFilter(ApplicationFilterChain.java:138)
	at org.springframework.web.filter.RequestContextFilter.doFilterInternal(RequestContextFilter.java:100)
	at org.springframework.web.filter.OncePerRequestFilter.doFilter(OncePerRequestFilter.java:116)
	at org.apache.catalina.core.ApplicationFilterChain.internalDoFilter(ApplicationFilterChain.java:162)
	at org.apache.catalina.core.ApplicationFilterChain.doFilter(ApplicationFilterChain.java:138)
	at org.springframework.web.filter.FormContentFilter.doFilterInternal(FormContentFilter.java:93)
	at org.springframework.web.filter.OncePerRequestFilter.doFilter(OncePerRequestFilter.java:116)
	at org.apache.catalina.core.ApplicationFilterChain.internalDoFilter(ApplicationFilterChain.java:162)
	at org.apache.catalina.core.ApplicationFilterChain.doFilter(ApplicationFilterChain.java:138)
	at org.springframework.web.filter.CharacterEncodingFilter.doFilterInternal(CharacterEncodingFilter.java:201)
	at org.springframework.web.filter.OncePerRequestFilter.doFilter(OncePerRequestFilter.java:116)
	at org.apache.catalina.core.ApplicationFilterChain.internalDoFilter(ApplicationFilterChain.java:162)
	at org.apache.catalina.core.ApplicationFilterChain.doFilter(ApplicationFilterChain.java:138)
	at org.apache.catalina.core.StandardWrapperValve.invoke(StandardWrapperValve.java:165)
	at org.apache.catalina.core.StandardContextValve.invoke(StandardContextValve.java:88)
	at org.apache.catalina.authenticator.AuthenticatorBase.invoke(AuthenticatorBase.java:492)
	at org.apache.catalina.core.StandardHostValve.invoke(StandardHostValve.java:113)
	at org.apache.catalina.valves.ErrorReportValve.invoke(ErrorReportValve.java:83)
	at org.apache.catalina.core.StandardEngineValve.invoke(StandardEngineValve.java:72)
	at org.apache.catalina.connector.CoyoteAdapter.service(CoyoteAdapter.java:342)
	at org.apache.coyote.http11.Http11Processor.service(Http11Processor.java:399)
	at org.apache.coyote.AbstractProcessorLight.process(AbstractProcessorLight.java:63)
	at org.apache.coyote.AbstractProtocol$ConnectionHandler.process(AbstractProtocol.java:903)
	at org.apache.tomcat.util.net.NioEndpoint$SocketProcessor.doRun(NioEndpoint.java:1797)
	at org.apache.tomcat.util.net.SocketProcessorBase.run(SocketProcessorBase.java:52)
	at org.apache.tomcat.util.threads.ThreadPoolExecutor.runWorker(ThreadPoolExecutor.java:973)
	at org.apache.tomcat.util.threads.ThreadPoolExecutor$Worker.run(ThreadPoolExecutor.java:491)
	at org.apache.tomcat.util.threads.TaskThread$WrappingRunnable.run(TaskThread.java:63)
	at java.base/java.lang.Thread.run(Thread.java:842)
'2026-05-29 16:24:06 {http-nio-8097-exec-3} ERROR o.a.c.c.C.[.[.[.[dispatcherServlet] - Servlet.service() for servlet [dispatcherServlet] in context with path [] threw exception [Request processing failed: feign.FeignException$NotFound: [404] during [GET] to [http://pacientes-service/api/pacientes/email?email=elopez%40inforumsol.com] [PacientesClient#buscarPorEmail(String)]: [{"timestamp":"2026-05-29T22:24:06.698+00:00","status":404,"error":"Not Found","path":"/api/pacientes/email"}]] with root cause
'feign.FeignException$NotFound: [404] during [GET] to [http://pacientes-service/api/pacientes/email?email=elopez%40inforumsol.com] [PacientesClient#buscarPorEmail(String)]: [{"timestamp":"2026-05-29T22:24:06.698+00:00","status":404,"error":"Not Found","path":"/api/pacientes/email"}]
	at feign.FeignException.clientErrorStatus(FeignException.java:249)
	at feign.FeignException.errorStatus(FeignException.java:223)
	at feign.FeignException.errorStatus(FeignException.java:213)
	at feign.codec.ErrorDecoder$Default.decode(ErrorDecoder.java:103)
	at feign.InvocationContext.decodeError(InvocationContext.java:133)
	at feign.InvocationContext.proceed(InvocationContext.java:80)
	at feign.ResponseHandler.handleResponse(ResponseHandler.java:69)
	at feign.SynchronousMethodHandler.executeAndDecode(SynchronousMethodHandler.java:109)
	at feign.SynchronousMethodHandler.invoke(SynchronousMethodHandler.java:53)
	at feign.ReflectiveFeign$FeignInvocationHandler.invoke(ReflectiveFeign.java:104)
	at jdk.proxy2/jdk.proxy2.$Proxy154.buscarPorEmail(Unknown Source)
	at com.umg.microservicios.citas_service.service.CitaService.resolverPacienteId(CitaService.java:44)
	at com.umg.microservicios.citas_service.service.CitaService.obtenerHistorialPaciente(CitaService.java:175)
	at java.base/jdk.internal.reflect.NativeMethodAccessorImpl.invoke0(Native Method)
	at java.base/jdk.internal.reflect.NativeMethodAccessorImpl.invoke(NativeMethodAccessorImpl.java:77)
	at java.base/jdk.internal.reflect.DelegatingMethodAccessorImpl.invoke(DelegatingMethodAccessorImpl.java:43)
	at java.base/java.lang.reflect.Method.invoke(Method.java:568)
	at org.springframework.aop.support.AopUtils.invokeJoinpointUsingReflection(AopUtils.java:360)
	at org.springframework.aop.framework.CglibAopProxy$DynamicAdvisedInterceptor.intercept(CglibAopProxy.java:724)
	at com.umg.microservicios.citas_service.service.CitaService$$SpringCGLIB$$0.obtenerHistorialPaciente(<generated>)
	at com.umg.microservicios.citas_service.controller.CitaController.getMisCitas(CitaController.java:28)
	at java.base/jdk.internal.reflect.NativeMethodAccessorImpl.invoke0(Native Method)
	at java.base/jdk.internal.reflect.NativeMethodAccessorImpl.invoke(NativeMethodAccessorImpl.java:77)
	at java.base/jdk.internal.reflect.DelegatingMethodAccessorImpl.invoke(DelegatingMethodAccessorImpl.java:43)
	at java.base/java.lang.reflect.Method.invoke(Method.java:568)
	at org.springframework.web.method.support.InvocableHandlerMethod.doInvoke(InvocableHandlerMethod.java:258)
	at org.springframework.web.method.support.InvocableHandlerMethod.invokeForRequest(InvocableHandlerMethod.java:191)
	at org.springframework.web.servlet.mvc.method.annotation.ServletInvocableHandlerMethod.invokeAndHandle(ServletInvocableHandlerMethod.java:118)
	at org.springframework.web.servlet.mvc.method.annotation.RequestMappingHandlerAdapter.invokeHandlerMethod(RequestMappingHandlerAdapter.java:991)
	at org.springframework.web.servlet.mvc.method.annotation.RequestMappingHandlerAdapter.handleInternal(RequestMappingHandlerAdapter.java:896)
	at org.springframework.web.servlet.mvc.method.AbstractHandlerMethodAdapter.handle(AbstractHandlerMethodAdapter.java:87)
	at org.springframework.web.servlet.DispatcherServlet.doDispatch(DispatcherServlet.java:1089)
	at org.springframework.web.servlet.DispatcherServlet.doService(DispatcherServlet.java:979)
	at org.springframework.web.servlet.FrameworkServlet.processRequest(FrameworkServlet.java:1014)
	at org.springframework.web.servlet.FrameworkServlet.doGet(FrameworkServlet.java:903)
	at jakarta.servlet.http.HttpServlet.service(HttpServlet.java:564)
	at org.springframework.web.servlet.FrameworkServlet.service(FrameworkServlet.java:885)
	at jakarta.servlet.http.HttpServlet.service(HttpServlet.java:658)
	at org.apache.catalina.core.ApplicationFilterChain.internalDoFilter(ApplicationFilterChain.java:193)
	at org.apache.catalina.core.ApplicationFilterChain.doFilter(ApplicationFilterChain.java:138)
	at org.apache.tomcat.websocket.server.WsFilter.doFilter(WsFilter.java:51)
	at org.apache.catalina.core.ApplicationFilterChain.internalDoFilter(ApplicationFilterChain.java:162)
	at org.apache.catalina.core.ApplicationFilterChain.doFilter(ApplicationFilterChain.java:138)
	at org.springframework.web.filter.CorsFilter.doFilterInternal(CorsFilter.java:91)
	at org.springframework.web.filter.OncePerRequestFilter.doFilter(OncePerRequestFilter.java:116)
	at org.apache.catalina.core.ApplicationFilterChain.internalDoFilter(ApplicationFilterChain.java:162)
	at org.apache.catalina.core.ApplicationFilterChain.doFilter(ApplicationFilterChain.java:138)
	at org.springframework.web.filter.RequestContextFilter.doFilterInternal(RequestContextFilter.java:100)
	at org.springframework.web.filter.OncePerRequestFilter.doFilter(OncePerRequestFilter.java:116)
	at org.apache.catalina.core.ApplicationFilterChain.internalDoFilter(ApplicationFilterChain.java:162)
	at org.apache.catalina.core.ApplicationFilterChain.doFilter(ApplicationFilterChain.java:138)
	at org.springframework.web.filter.FormContentFilter.doFilterInternal(FormContentFilter.java:93)
	at org.springframework.web.filter.OncePerRequestFilter.doFilter(OncePerRequestFilter.java:116)
	at org.apache.catalina.core.ApplicationFilterChain.internalDoFilter(ApplicationFilterChain.java:162)
	at org.apache.catalina.core.ApplicationFilterChain.doFilter(ApplicationFilterChain.java:138)
	at org.springframework.web.filter.CharacterEncodingFilter.doFilterInternal(CharacterEncodingFilter.java:201)
	at org.springframework.web.filter.OncePerRequestFilter.doFilter(OncePerRequestFilter.java:116)
	at org.apache.catalina.core.ApplicationFilterChain.internalDoFilter(ApplicationFilterChain.java:162)
	at org.apache.catalina.core.ApplicationFilterChain.doFilter(ApplicationFilterChain.java:138)
	at org.apache.catalina.core.StandardWrapperValve.invoke(StandardWrapperValve.java:165)
	at org.apache.catalina.core.StandardContextValve.invoke(StandardContextValve.java:88)
	at org.apache.catalina.authenticator.AuthenticatorBase.invoke(AuthenticatorBase.java:492)
	at org.apache.catalina.core.StandardHostValve.invoke(StandardHostValve.java:113)
	at org.apache.catalina.valves.ErrorReportValve.invoke(ErrorReportValve.java:83)
	at org.apache.catalina.core.StandardEngineValve.invoke(StandardEngineValve.java:72)
	at org.apache.catalina.connector.CoyoteAdapter.service(CoyoteAdapter.java:342)
	at org.apache.coyote.http11.Http11Processor.service(Http11Processor.java:399)
	at org.apache.coyote.AbstractProcessorLight.process(AbstractProcessorLight.java:63)
	at org.apache.coyote.AbstractProtocol$ConnectionHandler.process(AbstractProtocol.java:903)
	at org.apache.tomcat.util.net.NioEndpoint$SocketProcessor.doRun(NioEndpoint.java:1797)
	at org.apache.tomcat.util.net.SocketProcessorBase.run(SocketProcessorBase.java:52)
	at org.apache.tomcat.util.threads.ThreadPoolExecutor.runWorker(ThreadPoolExecutor.java:973)
	at org.apache.tomcat.util.threads.ThreadPoolExecutor$Worker.run(ThreadPoolExecutor.java:491)
	at org.apache.tomcat.util.threads.TaskThread$WrappingRunnable.run(TaskThread.java:63)
	at java.base/java.lang.Thread.run(Thread.java:842)
'2026-05-29 16:25:30 {AsyncResolver-bootstrap-executor-%d} INFO  c.n.d.s.r.aws.ConfigClusterResolver - Resolving eureka endpoints via configuration
''2026-05-29 16:29:28 {http-nio-8097-exec-6} ERROR o.a.c.c.C.[.[.[.[dispatcherServlet] - Servlet.service() for servlet [dispatcherServlet] in context with path [] threw exception [Request processing failed: feign.FeignException$NotFound: [404] during [GET] to [http://pacientes-service/api/pacientes/email?email=elopez%40inforumsol.com] [PacientesClient#buscarPorEmail(String)]: [{"timestamp":"2026-05-29T22:29:28.429+00:00","status":404,"error":"Not Found","path":"/api/pacientes/email"}]] with root cause
'feign.FeignException$NotFound: [404] during [GET] to [http://pacientes-service/api/pacientes/email?email=elopez%40inforumsol.com] [PacientesClient#buscarPorEmail(String)]: [{"timestamp":"2026-05-29T22:29:28.429+00:00","status":404,"error":"Not Found","path":"/api/pacientes/email"}]
	at feign.FeignException.clientErrorStatus(FeignException.java:249)
	at feign.FeignException.errorStatus(FeignException.java:223)
	at feign.FeignException.errorStatus(FeignException.java:213)
	at feign.codec.ErrorDecoder$Default.decode(ErrorDecoder.java:103)
	at feign.InvocationContext.decodeError(InvocationContext.java:133)
	at feign.InvocationContext.proceed(InvocationContext.java:80)
	at feign.ResponseHandler.handleResponse(ResponseHandler.java:69)
	at feign.SynchronousMethodHandler.executeAndDecode(SynchronousMethodHandler.java:109)
	at feign.SynchronousMethodHandler.invoke(SynchronousMethodHandler.java:53)
	at feign.ReflectiveFeign$FeignInvocationHandler.invoke(ReflectiveFeign.java:104)
	at jdk.proxy2/jdk.proxy2.$Proxy154.buscarPorEmail(Unknown Source)
	at com.umg.microservicios.citas_service.service.CitaService.resolverPacienteId(CitaService.java:44)
	at com.umg.microservicios.citas_service.service.CitaService.obtenerHistorialPaciente(CitaService.java:175)
	at java.base/jdk.internal.reflect.NativeMethodAccessorImpl.invoke0(Native Method)
	at java.base/jdk.internal.reflect.NativeMethodAccessorImpl.invoke(NativeMethodAccessorImpl.java:77)
	at java.base/jdk.internal.reflect.DelegatingMethodAccessorImpl.invoke(DelegatingMethodAccessorImpl.java:43)
	at java.base/java.lang.reflect.Method.invoke(Method.java:568)
	at org.springframework.aop.support.AopUtils.invokeJoinpointUsingReflection(AopUtils.java:360)
	at org.springframework.aop.framework.CglibAopProxy$DynamicAdvisedInterceptor.intercept(CglibAopProxy.java:724)
	at com.umg.microservicios.citas_service.service.CitaService$$SpringCGLIB$$0.obtenerHistorialPaciente(<generated>)
	at com.umg.microservicios.citas_service.controller.CitaController.getMisCitas(CitaController.java:28)
	at java.base/jdk.internal.reflect.NativeMethodAccessorImpl.invoke0(Native Method)
	at java.base/jdk.internal.reflect.NativeMethodAccessorImpl.invoke(NativeMethodAccessorImpl.java:77)
	at java.base/jdk.internal.reflect.DelegatingMethodAccessorImpl.invoke(DelegatingMethodAccessorImpl.java:43)
	at java.base/java.lang.reflect.Method.invoke(Method.java:568)
	at org.springframework.web.method.support.InvocableHandlerMethod.doInvoke(InvocableHandlerMethod.java:258)
	at org.springframework.web.method.support.InvocableHandlerMethod.invokeForRequest(InvocableHandlerMethod.java:191)
	at org.springframework.web.servlet.mvc.method.annotation.ServletInvocableHandlerMethod.invokeAndHandle(ServletInvocableHandlerMethod.java:118)
	at org.springframework.web.servlet.mvc.method.annotation.RequestMappingHandlerAdapter.invokeHandlerMethod(RequestMappingHandlerAdapter.java:991)
	at org.springframework.web.servlet.mvc.method.annotation.RequestMappingHandlerAdapter.handleInternal(RequestMappingHandlerAdapter.java:896)
	at org.springframework.web.servlet.mvc.method.AbstractHandlerMethodAdapter.handle(AbstractHandlerMethodAdapter.java:87)
	at org.springframework.web.servlet.DispatcherServlet.doDispatch(DispatcherServlet.java:1089)
	at org.springframework.web.servlet.DispatcherServlet.doService(DispatcherServlet.java:979)
	at org.springframework.web.servlet.FrameworkServlet.processRequest(FrameworkServlet.java:1014)
	at org.springframework.web.servlet.FrameworkServlet.doGet(FrameworkServlet.java:903)
	at jakarta.servlet.http.HttpServlet.service(HttpServlet.java:564)
	at org.springframework.web.servlet.FrameworkServlet.service(FrameworkServlet.java:885)
	at jakarta.servlet.http.HttpServlet.service(HttpServlet.java:658)
	at org.apache.catalina.core.ApplicationFilterChain.internalDoFilter(ApplicationFilterChain.java:193)
	at org.apache.catalina.core.ApplicationFilterChain.doFilter(ApplicationFilterChain.java:138)
	at org.apache.tomcat.websocket.server.WsFilter.doFilter(WsFilter.java:51)
	at org.apache.catalina.core.ApplicationFilterChain.internalDoFilter(ApplicationFilterChain.java:162)
	at org.apache.catalina.core.ApplicationFilterChain.doFilter(ApplicationFilterChain.java:138)
	at org.springframework.web.filter.CorsFilter.doFilterInternal(CorsFilter.java:91)
	at org.springframework.web.filter.OncePerRequestFilter.doFilter(OncePerRequestFilter.java:116)
	at org.apache.catalina.core.ApplicationFilterChain.internalDoFilter(ApplicationFilterChain.java:162)
	at org.apache.catalina.core.ApplicationFilterChain.doFilter(ApplicationFilterChain.java:138)
	at org.springframework.web.filter.RequestContextFilter.doFilterInternal(RequestContextFilter.java:100)
	at org.springframework.web.filter.OncePerRequestFilter.doFilter(OncePerRequestFilter.java:116)
	at org.apache.catalina.core.ApplicationFilterChain.internalDoFilter(ApplicationFilterChain.java:162)
	at org.apache.catalina.core.ApplicationFilterChain.doFilter(ApplicationFilterChain.java:138)
	at org.springframework.web.filter.FormContentFilter.doFilterInternal(FormContentFilter.java:93)
	at org.springframework.web.filter.OncePerRequestFilter.doFilter(OncePerRequestFilter.java:116)
	at org.apache.catalina.core.ApplicationFilterChain.internalDoFilter(ApplicationFilterChain.java:162)
	at org.apache.catalina.core.ApplicationFilterChain.doFilter(ApplicationFilterChain.java:138)
	at org.springframework.web.filter.CharacterEncodingFilter.doFilterInternal(CharacterEncodingFilter.java:201)
	at org.springframework.web.filter.OncePerRequestFilter.doFilter(OncePerRequestFilter.java:116)
	at org.apache.catalina.core.ApplicationFilterChain.internalDoFilter(ApplicationFilterChain.java:162)
	at org.apache.catalina.core.ApplicationFilterChain.doFilter(ApplicationFilterChain.java:138)
	at org.apache.catalina.core.StandardWrapperValve.invoke(StandardWrapperValve.java:165)
	at org.apache.catalina.core.StandardContextValve.invoke(StandardContextValve.java:88)
	at org.apache.catalina.authenticator.AuthenticatorBase.invoke(AuthenticatorBase.java:492)
	at org.apache.catalina.core.StandardHostValve.invoke(StandardHostValve.java:113)
	at org.apache.catalina.valves.ErrorReportValve.invoke(ErrorReportValve.java:83)
	at org.apache.catalina.core.StandardEngineValve.invoke(StandardEngineValve.java:72)
	at org.apache.catalina.connector.CoyoteAdapter.service(CoyoteAdapter.java:342)
	at org.apache.coyote.http11.Http11Processor.service(Http11Processor.java:399)
	at org.apache.coyote.AbstractProcessorLight.process(AbstractProcessorLight.java:63)
	at org.apache.coyote.AbstractProtocol$ConnectionHandler.process(AbstractProtocol.java:903)
	at org.apache.tomcat.util.net.NioEndpoint$SocketProcessor.doRun(NioEndpoint.java:1797)
	at org.apache.tomcat.util.net.SocketProcessorBase.run(SocketProcessorBase.java:52)
	at org.apache.tomcat.util.threads.ThreadPoolExecutor.runWorker(ThreadPoolExecutor.java:973)
	at org.apache.tomcat.util.threads.ThreadPoolExecutor$Worker.run(ThreadPoolExecutor.java:491)
	at org.apache.tomcat.util.threads.TaskThread$WrappingRunnable.run(TaskThread.java:63)
	at java.base/java.lang.Thread.run(Thread.java:842)
'2026-05-29 16:29:37 {http-nio-8097-exec-1} ERROR o.a.c.c.C.[.[.[.[dispatcherServlet] - Servlet.service() for servlet [dispatcherServlet] in context with path [] threw exception [Request processing failed: feign.FeignException$NotFound: [404] during [GET] to [http://pacientes-service/api/pacientes/email?email=elopez%40inforumsol.com] [PacientesClient#buscarPorEmail(String)]: [{"timestamp":"2026-05-29T22:29:37.669+00:00","status":404,"error":"Not Found","path":"/api/pacientes/email"}]] with root cause
'feign.FeignException$NotFound: [404] during [GET] to [http://pacientes-service/api/pacientes/email?email=elopez%40inforumsol.com] [PacientesClient#buscarPorEmail(String)]: [{"timestamp":"2026-05-29T22:29:37.669+00:00","status":404,"error":"Not Found","path":"/api/pacientes/email"}]
	at feign.FeignException.clientErrorStatus(FeignException.java:249)
	at feign.FeignException.errorStatus(FeignException.java:223)
	at feign.FeignException.errorStatus(FeignException.java:213)
	at feign.codec.ErrorDecoder$Default.decode(ErrorDecoder.java:103)
	at feign.InvocationContext.decodeError(InvocationContext.java:133)
	at feign.InvocationContext.proceed(InvocationContext.java:80)
	at feign.ResponseHandler.handleResponse(ResponseHandler.java:69)
	at feign.SynchronousMethodHandler.executeAndDecode(SynchronousMethodHandler.java:109)
	at feign.SynchronousMethodHandler.invoke(SynchronousMethodHandler.java:53)
	at feign.ReflectiveFeign$FeignInvocationHandler.invoke(ReflectiveFeign.java:104)
	at jdk.proxy2/jdk.proxy2.$Proxy154.buscarPorEmail(Unknown Source)
	at com.umg.microservicios.citas_service.service.CitaService.resolverPacienteId(CitaService.java:44)
	at com.umg.microservicios.citas_service.service.CitaService.obtenerHistorialPaciente(CitaService.java:175)
	at java.base/jdk.internal.reflect.NativeMethodAccessorImpl.invoke0(Native Method)
	at java.base/jdk.internal.reflect.NativeMethodAccessorImpl.invoke(NativeMethodAccessorImpl.java:77)
	at java.base/jdk.internal.reflect.DelegatingMethodAccessorImpl.invoke(DelegatingMethodAccessorImpl.java:43)
	at java.base/java.lang.reflect.Method.invoke(Method.java:568)
	at org.springframework.aop.support.AopUtils.invokeJoinpointUsingReflection(AopUtils.java:360)
	at org.springframework.aop.framework.CglibAopProxy$DynamicAdvisedInterceptor.intercept(CglibAopProxy.java:724)
	at com.umg.microservicios.citas_service.service.CitaService$$SpringCGLIB$$0.obtenerHistorialPaciente(<generated>)
	at com.umg.microservicios.citas_service.controller.CitaController.getMisCitas(CitaController.java:28)
	at java.base/jdk.internal.reflect.NativeMethodAccessorImpl.invoke0(Native Method)
	at java.base/jdk.internal.reflect.NativeMethodAccessorImpl.invoke(NativeMethodAccessorImpl.java:77)
	at java.base/jdk.internal.reflect.DelegatingMethodAccessorImpl.invoke(DelegatingMethodAccessorImpl.java:43)
	at java.base/java.lang.reflect.Method.invoke(Method.java:568)
	at org.springframework.web.method.support.InvocableHandlerMethod.doInvoke(InvocableHandlerMethod.java:258)
	at org.springframework.web.method.support.InvocableHandlerMethod.invokeForRequest(InvocableHandlerMethod.java:191)
	at org.springframework.web.servlet.mvc.method.annotation.ServletInvocableHandlerMethod.invokeAndHandle(ServletInvocableHandlerMethod.java:118)
	at org.springframework.web.servlet.mvc.method.annotation.RequestMappingHandlerAdapter.invokeHandlerMethod(RequestMappingHandlerAdapter.java:991)
	at org.springframework.web.servlet.mvc.method.annotation.RequestMappingHandlerAdapter.handleInternal(RequestMappingHandlerAdapter.java:896)
	at org.springframework.web.servlet.mvc.method.AbstractHandlerMethodAdapter.handle(AbstractHandlerMethodAdapter.java:87)
	at org.springframework.web.servlet.DispatcherServlet.doDispatch(DispatcherServlet.java:1089)
	at org.springframework.web.servlet.DispatcherServlet.doService(DispatcherServlet.java:979)
	at org.springframework.web.servlet.FrameworkServlet.processRequest(FrameworkServlet.java:1014)
	at org.springframework.web.servlet.FrameworkServlet.doGet(FrameworkServlet.java:903)
	at jakarta.servlet.http.HttpServlet.service(HttpServlet.java:564)
	at org.springframework.web.servlet.FrameworkServlet.service(FrameworkServlet.java:885)
	at jakarta.servlet.http.HttpServlet.service(HttpServlet.java:658)
	at org.apache.catalina.core.ApplicationFilterChain.internalDoFilter(ApplicationFilterChain.java:193)
	at org.apache.catalina.core.ApplicationFilterChain.doFilter(ApplicationFilterChain.java:138)
	at org.apache.tomcat.websocket.server.WsFilter.doFilter(WsFilter.java:51)
	at org.apache.catalina.core.ApplicationFilterChain.internalDoFilter(ApplicationFilterChain.java:162)
	at org.apache.catalina.core.ApplicationFilterChain.doFilter(ApplicationFilterChain.java:138)
	at org.springframework.web.filter.CorsFilter.doFilterInternal(CorsFilter.java:91)
	at org.springframework.web.filter.OncePerRequestFilter.doFilter(OncePerRequestFilter.java:116)
	at org.apache.catalina.core.ApplicationFilterChain.internalDoFilter(ApplicationFilterChain.java:162)
	at org.apache.catalina.core.ApplicationFilterChain.doFilter(ApplicationFilterChain.java:138)
	at org.springframework.web.filter.RequestContextFilter.doFilterInternal(RequestContextFilter.java:100)
	at org.springframework.web.filter.OncePerRequestFilter.doFilter(OncePerRequestFilter.java:116)
	at org.apache.catalina.core.ApplicationFilterChain.internalDoFilter(ApplicationFilterChain.java:162)
	at org.apache.catalina.core.ApplicationFilterChain.doFilter(ApplicationFilterChain.java:138)
	at org.springframework.web.filter.FormContentFilter.doFilterInternal(FormContentFilter.java:93)
	at org.springframework.web.filter.OncePerRequestFilter.doFilter(OncePerRequestFilter.java:116)
	at org.apache.catalina.core.ApplicationFilterChain.internalDoFilter(ApplicationFilterChain.java:162)
	at org.apache.catalina.core.ApplicationFilterChain.doFilter(ApplicationFilterChain.java:138)
	at org.springframework.web.filter.CharacterEncodingFilter.doFilterInternal(CharacterEncodingFilter.java:201)
	at org.springframework.web.filter.OncePerRequestFilter.doFilter(OncePerRequestFilter.java:116)
	at org.apache.catalina.core.ApplicationFilterChain.internalDoFilter(ApplicationFilterChain.java:162)
	at org.apache.catalina.core.ApplicationFilterChain.doFilter(ApplicationFilterChain.java:138)
	at org.apache.catalina.core.StandardWrapperValve.invoke(StandardWrapperValve.java:165)
	at org.apache.catalina.core.StandardContextValve.invoke(StandardContextValve.java:88)
	at org.apache.catalina.authenticator.AuthenticatorBase.invoke(AuthenticatorBase.java:492)
	at org.apache.catalina.core.StandardHostValve.invoke(StandardHostValve.java:113)
	at org.apache.catalina.valves.ErrorReportValve.invoke(ErrorReportValve.java:83)
	at org.apache.catalina.core.StandardEngineValve.invoke(StandardEngineValve.java:72)
	at org.apache.catalina.connector.CoyoteAdapter.service(CoyoteAdapter.java:342)
	at org.apache.coyote.http11.Http11Processor.service(Http11Processor.java:399)
	at org.apache.coyote.AbstractProcessorLight.process(AbstractProcessorLight.java:63)
	at org.apache.coyote.AbstractProtocol$ConnectionHandler.process(AbstractProtocol.java:903)
	at org.apache.tomcat.util.net.NioEndpoint$SocketProcessor.doRun(NioEndpoint.java:1797)
	at org.apache.tomcat.util.net.SocketProcessorBase.run(SocketProcessorBase.java:52)
	at org.apache.tomcat.util.threads.ThreadPoolExecutor.runWorker(ThreadPoolExecutor.java:973)
	at org.apache.tomcat.util.threads.ThreadPoolExecutor$Worker.run(ThreadPoolExecutor.java:491)
	at org.apache.tomcat.util.threads.TaskThread$WrappingRunnable.run(TaskThread.java:63)
	at java.base/java.lang.Thread.run(Thread.java:842)
'2026-05-29 16:30:17 {http-nio-8097-exec-4} ERROR o.a.c.c.C.[.[.[.[dispatcherServlet] - Servlet.service() for servlet [dispatcherServlet] in context with path [] threw exception [Request processing failed: feign.FeignException$NotFound: [404] during [GET] to [http://pacientes-service/api/pacientes/email?email=elopez%40inforumsol.com] [PacientesClient#buscarPorEmail(String)]: [{"timestamp":"2026-05-29T22:30:17.248+00:00","status":404,"error":"Not Found","path":"/api/pacientes/email"}]] with root cause
'feign.FeignException$NotFound: [404] during [GET] to [http://pacientes-service/api/pacientes/email?email=elopez%40inforumsol.com] [PacientesClient#buscarPorEmail(String)]: [{"timestamp":"2026-05-29T22:30:17.248+00:00","status":404,"error":"Not Found","path":"/api/pacientes/email"}]
	at feign.FeignException.clientErrorStatus(FeignException.java:249)
	at feign.FeignException.errorStatus(FeignException.java:223)
	at feign.FeignException.errorStatus(FeignException.java:213)
	at feign.codec.ErrorDecoder$Default.decode(ErrorDecoder.java:103)
	at feign.InvocationContext.decodeError(InvocationContext.java:133)
	at feign.InvocationContext.proceed(InvocationContext.java:80)
	at feign.ResponseHandler.handleResponse(ResponseHandler.java:69)
	at feign.SynchronousMethodHandler.executeAndDecode(SynchronousMethodHandler.java:109)
	at feign.SynchronousMethodHandler.invoke(SynchronousMethodHandler.java:53)
	at feign.ReflectiveFeign$FeignInvocationHandler.invoke(ReflectiveFeign.java:104)
	at jdk.proxy2/jdk.proxy2.$Proxy154.buscarPorEmail(Unknown Source)
	at com.umg.microservicios.citas_service.service.CitaService.resolverPacienteId(CitaService.java:44)
	at com.umg.microservicios.citas_service.service.CitaService.solicitarCita(CitaService.java:60)
	at java.base/jdk.internal.reflect.NativeMethodAccessorImpl.invoke0(Native Method)
	at java.base/jdk.internal.reflect.NativeMethodAccessorImpl.invoke(NativeMethodAccessorImpl.java:77)
	at java.base/jdk.internal.reflect.DelegatingMethodAccessorImpl.invoke(DelegatingMethodAccessorImpl.java:43)
	at java.base/java.lang.reflect.Method.invoke(Method.java:568)
	at org.springframework.aop.support.AopUtils.invokeJoinpointUsingReflection(AopUtils.java:360)
	at org.springframework.aop.framework.ReflectiveMethodInvocation.invokeJoinpoint(ReflectiveMethodInvocation.java:196)
	at org.springframework.aop.framework.ReflectiveMethodInvocation.proceed(ReflectiveMethodInvocation.java:163)
	at org.springframework.transaction.interceptor.TransactionAspectSupport.invokeWithinTransaction(TransactionAspectSupport.java:380)
	at org.springframework.transaction.interceptor.TransactionInterceptor.invoke(TransactionInterceptor.java:119)
	at org.springframework.aop.framework.ReflectiveMethodInvocation.proceed(ReflectiveMethodInvocation.java:184)
	at org.springframework.aop.framework.CglibAopProxy$DynamicAdvisedInterceptor.intercept(CglibAopProxy.java:728)
	at com.umg.microservicios.citas_service.service.CitaService$$SpringCGLIB$$0.solicitarCita(<generated>)
	at com.umg.microservicios.citas_service.controller.CitaController.solicitarCita(CitaController.java:36)
	at java.base/jdk.internal.reflect.NativeMethodAccessorImpl.invoke0(Native Method)
	at java.base/jdk.internal.reflect.NativeMethodAccessorImpl.invoke(NativeMethodAccessorImpl.java:77)
	at java.base/jdk.internal.reflect.DelegatingMethodAccessorImpl.invoke(DelegatingMethodAccessorImpl.java:43)
	at java.base/java.lang.reflect.Method.invoke(Method.java:568)
	at org.springframework.web.method.support.InvocableHandlerMethod.doInvoke(InvocableHandlerMethod.java:258)
	at org.springframework.web.method.support.InvocableHandlerMethod.invokeForRequest(InvocableHandlerMethod.java:191)
	at org.springframework.web.servlet.mvc.method.annotation.ServletInvocableHandlerMethod.invokeAndHandle(ServletInvocableHandlerMethod.java:118)
	at org.springframework.web.servlet.mvc.method.annotation.RequestMappingHandlerAdapter.invokeHandlerMethod(RequestMappingHandlerAdapter.java:991)
	at org.springframework.web.servlet.mvc.method.annotation.RequestMappingHandlerAdapter.handleInternal(RequestMappingHandlerAdapter.java:896)
	at org.springframework.web.servlet.mvc.method.AbstractHandlerMethodAdapter.handle(AbstractHandlerMethodAdapter.java:87)
	at org.springframework.web.servlet.DispatcherServlet.doDispatch(DispatcherServlet.java:1089)
	at org.springframework.web.servlet.DispatcherServlet.doService(DispatcherServlet.java:979)
	at org.springframework.web.servlet.FrameworkServlet.processRequest(FrameworkServlet.java:1014)
	at org.springframework.web.servlet.FrameworkServlet.doPost(FrameworkServlet.java:914)
	at jakarta.servlet.http.HttpServlet.service(HttpServlet.java:590)
	at org.springframework.web.servlet.FrameworkServlet.service(FrameworkServlet.java:885)
	at jakarta.servlet.http.HttpServlet.service(HttpServlet.java:658)
	at org.apache.catalina.core.ApplicationFilterChain.internalDoFilter(ApplicationFilterChain.java:193)
	at org.apache.catalina.core.ApplicationFilterChain.doFilter(ApplicationFilterChain.java:138)
	at org.apache.tomcat.websocket.server.WsFilter.doFilter(WsFilter.java:51)
	at org.apache.catalina.core.ApplicationFilterChain.internalDoFilter(ApplicationFilterChain.java:162)
	at org.apache.catalina.core.ApplicationFilterChain.doFilter(ApplicationFilterChain.java:138)
	at org.springframework.web.filter.CorsFilter.doFilterInternal(CorsFilter.java:91)
	at org.springframework.web.filter.OncePerRequestFilter.doFilter(OncePerRequestFilter.java:116)
	at org.apache.catalina.core.ApplicationFilterChain.internalDoFilter(ApplicationFilterChain.java:162)
	at org.apache.catalina.core.ApplicationFilterChain.doFilter(ApplicationFilterChain.java:138)
	at org.springframework.web.filter.RequestContextFilter.doFilterInternal(RequestContextFilter.java:100)
	at org.springframework.web.filter.OncePerRequestFilter.doFilter(OncePerRequestFilter.java:116)
	at org.apache.catalina.core.ApplicationFilterChain.internalDoFilter(ApplicationFilterChain.java:162)
	at org.apache.catalina.core.ApplicationFilterChain.doFilter(ApplicationFilterChain.java:138)
	at org.springframework.web.filter.FormContentFilter.doFilterInternal(FormContentFilter.java:93)
	at org.springframework.web.filter.OncePerRequestFilter.doFilter(OncePerRequestFilter.java:116)
	at org.apache.catalina.core.ApplicationFilterChain.internalDoFilter(ApplicationFilterChain.java:162)
	at org.apache.catalina.core.ApplicationFilterChain.doFilter(ApplicationFilterChain.java:138)
	at org.springframework.web.filter.CharacterEncodingFilter.doFilterInternal(CharacterEncodingFilter.java:201)
	at org.springframework.web.filter.OncePerRequestFilter.doFilter(OncePerRequestFilter.java:116)
	at org.apache.catalina.core.ApplicationFilterChain.internalDoFilter(ApplicationFilterChain.java:162)
	at org.apache.catalina.core.ApplicationFilterChain.doFilter(ApplicationFilterChain.java:138)
	at org.apache.catalina.core.StandardWrapperValve.invoke(StandardWrapperValve.java:165)
	at org.apache.catalina.core.StandardContextValve.invoke(StandardContextValve.java:88)
	at org.apache.catalina.authenticator.AuthenticatorBase.invoke(AuthenticatorBase.java:492)
	at org.apache.catalina.core.StandardHostValve.invoke(StandardHostValve.java:113)
	at org.apache.catalina.valves.ErrorReportValve.invoke(ErrorReportValve.java:83)
	at org.apache.catalina.core.StandardEngineValve.invoke(StandardEngineValve.java:72)
	at org.apache.catalina.connector.CoyoteAdapter.service(CoyoteAdapter.java:342)
	at org.apache.coyote.http11.Http11Processor.service(Http11Processor.java:399)
	at org.apache.coyote.AbstractProcessorLight.process(AbstractProcessorLight.java:63)
	at org.apache.coyote.AbstractProtocol$ConnectionHandler.process(AbstractProtocol.java:903)
	at org.apache.tomcat.util.net.NioEndpoint$SocketProcessor.doRun(NioEndpoint.java:1797)
	at org.apache.tomcat.util.net.SocketProcessorBase.run(SocketProcessorBase.java:52)
	at org.apache.tomcat.util.threads.ThreadPoolExecutor.runWorker(ThreadPoolExecutor.java:973)
	at org.apache.tomcat.util.threads.ThreadPoolExecutor$Worker.run(ThreadPoolExecutor.java:491)
	at org.apache.tomcat.util.threads.TaskThread$WrappingRunnable.run(TaskThread.java:63)
	at java.base/java.lang.Thread.run(Thread.java:842)
'2026-05-29 16:30:30 {AsyncResolver-bootstrap-executor-%d} INFO  c.n.d.s.r.aws.ConfigClusterResolver - Resolving eureka endpoints via configuration
''2026-05-29 16:35:30 {AsyncResolver-bootstrap-executor-%d} INFO  c.n.d.s.r.aws.ConfigClusterResolver - Resolving eureka endpoints via configuration
''2026-05-29 16:40:30 {AsyncResolver-bootstrap-executor-%d} INFO  c.n.d.s.r.aws.ConfigClusterResolver - Resolving eureka endpoints via configuration
''2026-05-29 16:45:30 {AsyncResolver-bootstrap-executor-%d} INFO  c.n.d.s.r.aws.ConfigClusterResolver - Resolving eureka endpoints via configuration
''2026-05-29 17:11:21 {main} INFO  c.u.m.c.CitasServiceApplication - Starting CitasServiceApplication using Java 17.0.12 with PID 25696 (D:\Proyecto - Progra 3\Revision Final\Proyecto-Final-Progra-3\Backend(Spring Boot)\Proyecto-Final-Progra-3-master\Hospital_La_Bendicion\microservicios\citas-service\target\classes started by Soporte in d:\Proyecto - Progra 3\Revision Final\Proyecto-Final-Progra-3\Backend(Spring Boot)\Proyecto-Final-Progra-3-master\Hospital_La_Bendicion\microservicios\citas-service)
''2026-05-29 17:11:21 {main} INFO  c.u.m.c.CitasServiceApplication - No active profile set, falling back to 1 default profile: "default"
''2026-05-29 17:11:21 {main} INFO  o.s.c.c.c.ConfigServerConfigDataLoader - Fetching config from server at : http://localhost:8888
''2026-05-29 17:11:21 {main} INFO  o.s.c.c.c.ConfigServerConfigDataLoader - Located environment: name=citas-service, profiles=[default], label=null, version=null, state=null
''2026-05-29 17:11:23 {main} INFO  o.s.d.r.c.RepositoryConfigurationDelegate - Bootstrapping Spring Data JPA repositories in DEFAULT mode.
''2026-05-29 17:11:24 {main} INFO  o.s.d.r.c.RepositoryConfigurationDelegate - Finished Spring Data repository scanning in 394 ms. Found 2 JPA repository interfaces.
''2026-05-29 17:11:25 {main} INFO  o.s.cloud.context.scope.GenericScope - BeanFactory id=9f5ad57d-2522-3c1e-9d43-ccd283aec3aa
''2026-05-29 17:11:26 {main} INFO  o.s.b.w.e.tomcat.TomcatWebServer - Tomcat initialized with port 8097 (http)
''2026-05-29 17:11:26 {main} INFO  o.a.catalina.core.StandardService - Starting service [Tomcat]
''2026-05-29 17:11:26 {main} INFO  o.a.catalina.core.StandardEngine - Starting Servlet engine: [Apache Tomcat/10.1.54]
''2026-05-29 17:11:27 {main} INFO  o.a.c.c.C.[Tomcat].[localhost].[/] - Initializing Spring embedded WebApplicationContext
''2026-05-29 17:11:27 {main} INFO  o.s.b.w.s.c.ServletWebServerApplicationContext - Root WebApplicationContext: initialization completed in 5621 ms
''2026-05-29 17:11:27 {main} INFO  o.h.jpa.internal.util.LogHelper - HHH000204: Processing PersistenceUnitInfo [name: default]
''2026-05-29 17:11:28 {main} INFO  org.hibernate.Version - HHH000412: Hibernate ORM core version 6.6.49.Final
''2026-05-29 17:11:28 {main} INFO  o.h.c.i.RegionFactoryInitiator - HHH000026: Second-level cache disabled
''2026-05-29 17:11:29 {main} INFO  o.s.o.j.p.SpringPersistenceUnitInfo - No LoadTimeWeaver setup: ignoring JPA class transformer
''2026-05-29 17:11:29 {main} INFO  com.zaxxer.hikari.HikariDataSource - HikariPool-1 - Starting...
''2026-05-29 17:11:29 {main} INFO  com.zaxxer.hikari.pool.HikariPool - HikariPool-1 - Added connection org.postgresql.jdbc.PgConnection@22cb8e5f
''2026-05-29 17:11:29 {main} INFO  com.zaxxer.hikari.HikariDataSource - HikariPool-1 - Start completed.
''2026-05-29 17:11:30 {main} WARN  org.hibernate.orm.deprecation - HHH90000025: PostgreSQLDialect does not need to be specified explicitly using 'hibernate.dialect' (remove the property setting and it will be selected by default)
''2026-05-29 17:11:30 {main} INFO  o.hibernate.orm.connections.pooling - HHH10001005: Database info:
	Database JDBC URL [Connecting through datasource 'HikariDataSource (HikariPool-1)']
	Database driver: undefined/unknown
	Database version: 16.13
	Autocommit mode: undefined/unknown
	Isolation level: undefined/unknown
	Minimum pool size: undefined/unknown
	Maximum pool size: undefined/unknown
''2026-05-29 17:11:32 {main} INFO  o.h.e.t.j.p.i.JtaPlatformInitiator - HHH000489: No JTA platform available (set 'hibernate.transaction.jta.platform' to enable JTA platform integration)
''2026-05-29 17:11:33 {main} INFO  o.s.o.j.LocalContainerEntityManagerFactoryBean - Initialized JPA EntityManagerFactory for persistence unit 'default'
''2026-05-29 17:11:33 {main} INFO  o.s.d.j.r.query.QueryEnhancerFactory - Hibernate is in classpath; If applicable, HQL parser will be used.
''2026-05-29 17:11:35 {main} WARN  o.s.b.a.o.j.JpaBaseConfiguration$JpaWebConfiguration - spring.jpa.open-in-view is enabled by default. Therefore, database queries may be performed during view rendering. Explicitly configure spring.jpa.open-in-view to disable this warning
''2026-05-29 17:11:35 {main} INFO  o.s.c.o.FeignClientFactoryBean - For 'medicos-service' URL not provided. Will try picking an instance via load-balancing.
''2026-05-29 17:11:36 {main} INFO  o.s.c.o.FeignClientFactoryBean - For 'pacientes-service' URL not provided. Will try picking an instance via load-balancing.
''2026-05-29 17:11:40 {main} INFO  o.s.c.n.e.c.DiscoveryClientOptionalArgsConfiguration - Eureka HTTP Client uses RestTemplate.
''2026-05-29 17:11:40 {main} WARN  o.s.c.l.c.LoadBalancerCacheAutoConfiguration$LoadBalancerCaffeineWarnLogger - Spring Cloud LoadBalancer is currently working with the default cache. While this cache implementation is useful for development and tests, it's recommended to use Caffeine cache in production.You can switch to using Caffeine cache, by adding it and org.springframework.cache.caffeine.CaffeineCacheManager to the classpath.
''2026-05-29 17:11:40 {main} INFO  o.s.c.n.eureka.InstanceInfoFactory - Setting initial instance status as: STARTING
''2026-05-29 17:11:40 {main} INFO  c.netflix.discovery.DiscoveryClient - Initializing Eureka in region us-east-1
''2026-05-29 17:11:40 {main} INFO  c.n.d.s.r.aws.ConfigClusterResolver - Resolving eureka endpoints via configuration
''2026-05-29 17:11:40 {main} INFO  c.netflix.discovery.DiscoveryClient - Disable delta property : false
''2026-05-29 17:11:40 {main} INFO  c.netflix.discovery.DiscoveryClient - Single vip registry refresh property : null
''2026-05-29 17:11:40 {main} INFO  c.netflix.discovery.DiscoveryClient - Force full registry fetch : false
''2026-05-29 17:11:40 {main} INFO  c.netflix.discovery.DiscoveryClient - Application is null : false
''2026-05-29 17:11:40 {main} INFO  c.netflix.discovery.DiscoveryClient - Registered Applications size is zero : true
''2026-05-29 17:11:40 {main} INFO  c.netflix.discovery.DiscoveryClient - Application version is -1: true
''2026-05-29 17:11:40 {main} INFO  c.netflix.discovery.DiscoveryClient - Getting all instance registry info from the eureka server
''2026-05-29 17:11:41 {main} INFO  c.netflix.discovery.DiscoveryClient - The response status is 200
''2026-05-29 17:11:41 {main} INFO  c.netflix.discovery.DiscoveryClient - Starting heartbeat executor: renew interval is: 30
''2026-05-29 17:11:41 {main} INFO  c.n.discovery.InstanceInfoReplicator - InstanceInfoReplicator onDemand update allowed rate per min is 4
''2026-05-29 17:11:41 {main} INFO  c.netflix.discovery.DiscoveryClient - Discovery Client initialized at timestamp 1780096301532 with initial instances count: 6
''2026-05-29 17:11:41 {main} INFO  o.s.c.n.e.s.EurekaServiceRegistry - Registering application CITAS-SERVICE with eureka with status UP
''2026-05-29 17:11:41 {main} INFO  c.netflix.discovery.DiscoveryClient - Saw local status change event StatusChangeEvent [timestamp=1780096301664, current=UP, previous=STARTING]
''2026-05-29 17:11:41 {DiscoveryClient-InstanceInfoReplicator-%d} INFO  c.netflix.discovery.DiscoveryClient - DiscoveryClient_CITAS-SERVICE/VITO:citas-service:8097: registering service...
''2026-05-29 17:11:41 {DiscoveryClient-InstanceInfoReplicator-%d} INFO  c.netflix.discovery.DiscoveryClient - DiscoveryClient_CITAS-SERVICE/VITO:citas-service:8097 - registration status: 204
''2026-05-29 17:11:41 {main} INFO  o.s.b.w.e.tomcat.TomcatWebServer - Tomcat started on port 8097 (http) with context path '/'
''2026-05-29 17:11:41 {main} INFO  o.s.c.n.e.s.EurekaAutoServiceRegistration - Updating port to 8097
''2026-05-29 17:11:42 {main} INFO  c.u.m.c.CitasServiceApplication - Started CitasServiceApplication in 24.708 seconds (process running for 26.509)
''2026-05-29 17:13:21 {http-nio-8097-exec-3} INFO  o.a.c.c.C.[Tomcat].[localhost].[/] - Initializing Spring DispatcherServlet 'dispatcherServlet'
''2026-05-29 17:13:21 {http-nio-8097-exec-3} INFO  o.s.web.servlet.DispatcherServlet - Initializing Servlet 'dispatcherServlet'
''2026-05-29 17:13:22 {http-nio-8097-exec-3} INFO  o.s.web.servlet.DispatcherServlet - Completed initialization in 120 ms
''2026-05-29 17:13:28 {http-nio-8097-exec-3} ERROR o.a.c.c.C.[.[.[.[dispatcherServlet] - Servlet.service() for servlet [dispatcherServlet] in context with path [] threw exception [Request processing failed: feign.FeignException$NotFound: [404] during [GET] to [http://pacientes-service/api/pacientes/email?email=elopez%40inforumsol.com] [PacientesClient#buscarPorEmail(String)]: [{"timestamp":"2026-05-29T23:13:28.586+00:00","status":404,"error":"Not Found","path":"/api/pacientes/email"}]] with root cause
'feign.FeignException$NotFound: [404] during [GET] to [http://pacientes-service/api/pacientes/email?email=elopez%40inforumsol.com] [PacientesClient#buscarPorEmail(String)]: [{"timestamp":"2026-05-29T23:13:28.586+00:00","status":404,"error":"Not Found","path":"/api/pacientes/email"}]
	at feign.FeignException.clientErrorStatus(FeignException.java:249)
	at feign.FeignException.errorStatus(FeignException.java:223)
	at feign.FeignException.errorStatus(FeignException.java:213)
	at feign.codec.ErrorDecoder$Default.decode(ErrorDecoder.java:103)
	at feign.InvocationContext.decodeError(InvocationContext.java:133)
	at feign.InvocationContext.proceed(InvocationContext.java:80)
	at feign.ResponseHandler.handleResponse(ResponseHandler.java:69)
	at feign.SynchronousMethodHandler.executeAndDecode(SynchronousMethodHandler.java:109)
	at feign.SynchronousMethodHandler.invoke(SynchronousMethodHandler.java:53)
	at feign.ReflectiveFeign$FeignInvocationHandler.invoke(ReflectiveFeign.java:104)
	at jdk.proxy2/jdk.proxy2.$Proxy154.buscarPorEmail(Unknown Source)
	at com.umg.microservicios.citas_service.service.CitaService.resolverPacienteId(CitaService.java:44)
	at com.umg.microservicios.citas_service.service.CitaService.solicitarCita(CitaService.java:60)
	at java.base/jdk.internal.reflect.NativeMethodAccessorImpl.invoke0(Native Method)
	at java.base/jdk.internal.reflect.NativeMethodAccessorImpl.invoke(NativeMethodAccessorImpl.java:77)
	at java.base/jdk.internal.reflect.DelegatingMethodAccessorImpl.invoke(DelegatingMethodAccessorImpl.java:43)
	at java.base/java.lang.reflect.Method.invoke(Method.java:568)
	at org.springframework.aop.support.AopUtils.invokeJoinpointUsingReflection(AopUtils.java:360)
	at org.springframework.aop.framework.ReflectiveMethodInvocation.invokeJoinpoint(ReflectiveMethodInvocation.java:196)
	at org.springframework.aop.framework.ReflectiveMethodInvocation.proceed(ReflectiveMethodInvocation.java:163)
	at org.springframework.transaction.interceptor.TransactionAspectSupport.invokeWithinTransaction(TransactionAspectSupport.java:380)
	at org.springframework.transaction.interceptor.TransactionInterceptor.invoke(TransactionInterceptor.java:119)
	at org.springframework.aop.framework.ReflectiveMethodInvocation.proceed(ReflectiveMethodInvocation.java:184)
	at org.springframework.aop.framework.CglibAopProxy$DynamicAdvisedInterceptor.intercept(CglibAopProxy.java:728)
	at com.umg.microservicios.citas_service.service.CitaService$$SpringCGLIB$$0.solicitarCita(<generated>)
	at com.umg.microservicios.citas_service.controller.CitaController.solicitarCita(CitaController.java:36)
	at java.base/jdk.internal.reflect.NativeMethodAccessorImpl.invoke0(Native Method)
	at java.base/jdk.internal.reflect.NativeMethodAccessorImpl.invoke(NativeMethodAccessorImpl.java:77)
	at java.base/jdk.internal.reflect.DelegatingMethodAccessorImpl.invoke(DelegatingMethodAccessorImpl.java:43)
	at java.base/java.lang.reflect.Method.invoke(Method.java:568)
	at org.springframework.web.method.support.InvocableHandlerMethod.doInvoke(InvocableHandlerMethod.java:258)
	at org.springframework.web.method.support.InvocableHandlerMethod.invokeForRequest(InvocableHandlerMethod.java:191)
	at org.springframework.web.servlet.mvc.method.annotation.ServletInvocableHandlerMethod.invokeAndHandle(ServletInvocableHandlerMethod.java:118)
	at org.springframework.web.servlet.mvc.method.annotation.RequestMappingHandlerAdapter.invokeHandlerMethod(RequestMappingHandlerAdapter.java:991)
	at org.springframework.web.servlet.mvc.method.annotation.RequestMappingHandlerAdapter.handleInternal(RequestMappingHandlerAdapter.java:896)
	at org.springframework.web.servlet.mvc.method.AbstractHandlerMethodAdapter.handle(AbstractHandlerMethodAdapter.java:87)
	at org.springframework.web.servlet.DispatcherServlet.doDispatch(DispatcherServlet.java:1089)
	at org.springframework.web.servlet.DispatcherServlet.doService(DispatcherServlet.java:979)
	at org.springframework.web.servlet.FrameworkServlet.processRequest(FrameworkServlet.java:1014)
	at org.springframework.web.servlet.FrameworkServlet.doPost(FrameworkServlet.java:914)
	at jakarta.servlet.http.HttpServlet.service(HttpServlet.java:590)
	at org.springframework.web.servlet.FrameworkServlet.service(FrameworkServlet.java:885)
	at jakarta.servlet.http.HttpServlet.service(HttpServlet.java:658)
	at org.apache.catalina.core.ApplicationFilterChain.internalDoFilter(ApplicationFilterChain.java:193)
	at org.apache.catalina.core.ApplicationFilterChain.doFilter(ApplicationFilterChain.java:138)
	at org.apache.tomcat.websocket.server.WsFilter.doFilter(WsFilter.java:51)
	at org.apache.catalina.core.ApplicationFilterChain.internalDoFilter(ApplicationFilterChain.java:162)
	at org.apache.catalina.core.ApplicationFilterChain.doFilter(ApplicationFilterChain.java:138)
	at org.springframework.web.filter.CorsFilter.doFilterInternal(CorsFilter.java:91)
	at org.springframework.web.filter.OncePerRequestFilter.doFilter(OncePerRequestFilter.java:116)
	at org.apache.catalina.core.ApplicationFilterChain.internalDoFilter(ApplicationFilterChain.java:162)
	at org.apache.catalina.core.ApplicationFilterChain.doFilter(ApplicationFilterChain.java:138)
	at org.springframework.web.filter.RequestContextFilter.doFilterInternal(RequestContextFilter.java:100)
	at org.springframework.web.filter.OncePerRequestFilter.doFilter(OncePerRequestFilter.java:116)
	at org.apache.catalina.core.ApplicationFilterChain.internalDoFilter(ApplicationFilterChain.java:162)
	at org.apache.catalina.core.ApplicationFilterChain.doFilter(ApplicationFilterChain.java:138)
	at org.springframework.web.filter.FormContentFilter.doFilterInternal(FormContentFilter.java:93)
	at org.springframework.web.filter.OncePerRequestFilter.doFilter(OncePerRequestFilter.java:116)
	at org.apache.catalina.core.ApplicationFilterChain.internalDoFilter(ApplicationFilterChain.java:162)
	at org.apache.catalina.core.ApplicationFilterChain.doFilter(ApplicationFilterChain.java:138)
	at org.springframework.web.filter.CharacterEncodingFilter.doFilterInternal(CharacterEncodingFilter.java:201)
	at org.springframework.web.filter.OncePerRequestFilter.doFilter(OncePerRequestFilter.java:116)
	at org.apache.catalina.core.ApplicationFilterChain.internalDoFilter(ApplicationFilterChain.java:162)
	at org.apache.catalina.core.ApplicationFilterChain.doFilter(ApplicationFilterChain.java:138)
	at org.apache.catalina.core.StandardWrapperValve.invoke(StandardWrapperValve.java:165)
	at org.apache.catalina.core.StandardContextValve.invoke(StandardContextValve.java:88)
	at org.apache.catalina.authenticator.AuthenticatorBase.invoke(AuthenticatorBase.java:492)
	at org.apache.catalina.core.StandardHostValve.invoke(StandardHostValve.java:113)
	at org.apache.catalina.valves.ErrorReportValve.invoke(ErrorReportValve.java:83)
	at org.apache.catalina.core.StandardEngineValve.invoke(StandardEngineValve.java:72)
	at org.apache.catalina.connector.CoyoteAdapter.service(CoyoteAdapter.java:342)
	at org.apache.coyote.http11.Http11Processor.service(Http11Processor.java:399)
	at org.apache.coyote.AbstractProcessorLight.process(AbstractProcessorLight.java:63)
	at org.apache.coyote.AbstractProtocol$ConnectionHandler.process(AbstractProtocol.java:903)
	at org.apache.tomcat.util.net.NioEndpoint$SocketProcessor.doRun(NioEndpoint.java:1797)
	at org.apache.tomcat.util.net.SocketProcessorBase.run(SocketProcessorBase.java:52)
	at org.apache.tomcat.util.threads.ThreadPoolExecutor.runWorker(ThreadPoolExecutor.java:973)
	at org.apache.tomcat.util.threads.ThreadPoolExecutor$Worker.run(ThreadPoolExecutor.java:491)
	at org.apache.tomcat.util.threads.TaskThread$WrappingRunnable.run(TaskThread.java:63)
	at java.base/java.lang.Thread.run(Thread.java:842)
'2026-05-29 17:16:40 {AsyncResolver-bootstrap-executor-%d} INFO  c.n.d.s.r.aws.ConfigClusterResolver - Resolving eureka endpoints via configuration
''2026-05-29 17:19:54 {main} INFO  c.u.m.c.CitasServiceApplication - Starting CitasServiceApplication using Java 17.0.12 with PID 22380 (D:\Proyecto - Progra 3\Revision Final\Proyecto-Final-Progra-3\Backend(Spring Boot)\Proyecto-Final-Progra-3-master\Hospital_La_Bendicion\microservicios\citas-service\target\classes started by Soporte in d:\Proyecto - Progra 3\Revision Final\Proyecto-Final-Progra-3\Backend(Spring Boot)\Proyecto-Final-Progra-3-master\Hospital_La_Bendicion\microservicios\citas-service)
''2026-05-29 17:19:54 {main} INFO  c.u.m.c.CitasServiceApplication - No active profile set, falling back to 1 default profile: "default"
''2026-05-29 17:19:55 {main} INFO  o.s.c.c.c.ConfigServerConfigDataLoader - Fetching config from server at : http://localhost:8888
''2026-05-29 17:19:55 {main} INFO  o.s.c.c.c.ConfigServerConfigDataLoader - Located environment: name=citas-service, profiles=[default], label=null, version=null, state=null
''2026-05-29 17:19:59 {main} INFO  o.s.d.r.c.RepositoryConfigurationDelegate - Bootstrapping Spring Data JPA repositories in DEFAULT mode.
''2026-05-29 17:20:00 {main} INFO  o.s.d.r.c.RepositoryConfigurationDelegate - Finished Spring Data repository scanning in 1040 ms. Found 2 JPA repository interfaces.
''2026-05-29 17:20:01 {main} INFO  o.s.cloud.context.scope.GenericScope - BeanFactory id=9f5ad57d-2522-3c1e-9d43-ccd283aec3aa
''2026-05-29 17:20:03 {main} INFO  o.s.b.w.e.tomcat.TomcatWebServer - Tomcat initialized with port 8097 (http)
''2026-05-29 17:20:03 {main} INFO  o.a.catalina.core.StandardService - Starting service [Tomcat]
''2026-05-29 17:20:03 {main} INFO  o.a.catalina.core.StandardEngine - Starting Servlet engine: [Apache Tomcat/10.1.54]
''2026-05-29 17:20:03 {main} INFO  o.a.c.c.C.[Tomcat].[localhost].[/] - Initializing Spring embedded WebApplicationContext
''2026-05-29 17:20:03 {main} INFO  o.s.b.w.s.c.ServletWebServerApplicationContext - Root WebApplicationContext: initialization completed in 8452 ms
''2026-05-29 17:20:04 {main} INFO  o.h.jpa.internal.util.LogHelper - HHH000204: Processing PersistenceUnitInfo [name: default]
''2026-05-29 17:20:04 {main} INFO  org.hibernate.Version - HHH000412: Hibernate ORM core version 6.6.49.Final
''2026-05-29 17:20:04 {main} INFO  o.h.c.i.RegionFactoryInitiator - HHH000026: Second-level cache disabled
''2026-05-29 17:20:05 {main} INFO  o.s.o.j.p.SpringPersistenceUnitInfo - No LoadTimeWeaver setup: ignoring JPA class transformer
''2026-05-29 17:20:05 {main} INFO  com.zaxxer.hikari.HikariDataSource - HikariPool-1 - Starting...
''2026-05-29 17:20:06 {main} INFO  com.zaxxer.hikari.pool.HikariPool - HikariPool-1 - Added connection org.postgresql.jdbc.PgConnection@7a51dc38
''2026-05-29 17:20:06 {main} INFO  com.zaxxer.hikari.HikariDataSource - HikariPool-1 - Start completed.
''2026-05-29 17:20:06 {main} WARN  org.hibernate.orm.deprecation - HHH90000025: PostgreSQLDialect does not need to be specified explicitly using 'hibernate.dialect' (remove the property setting and it will be selected by default)
''2026-05-29 17:20:06 {main} INFO  o.hibernate.orm.connections.pooling - HHH10001005: Database info:
	Database JDBC URL [Connecting through datasource 'HikariDataSource (HikariPool-1)']
	Database driver: undefined/unknown
	Database version: 16.13
	Autocommit mode: undefined/unknown
	Isolation level: undefined/unknown
	Minimum pool size: undefined/unknown
	Maximum pool size: undefined/unknown
''2026-05-29 17:20:09 {main} INFO  o.h.e.t.j.p.i.JtaPlatformInitiator - HHH000489: No JTA platform available (set 'hibernate.transaction.jta.platform' to enable JTA platform integration)
''2026-05-29 17:20:09 {main} INFO  o.s.o.j.LocalContainerEntityManagerFactoryBean - Initialized JPA EntityManagerFactory for persistence unit 'default'
''2026-05-29 17:20:10 {main} INFO  o.s.d.j.r.query.QueryEnhancerFactory - Hibernate is in classpath; If applicable, HQL parser will be used.
''2026-05-29 17:20:12 {main} WARN  o.s.b.a.o.j.JpaBaseConfiguration$JpaWebConfiguration - spring.jpa.open-in-view is enabled by default. Therefore, database queries may be performed during view rendering. Explicitly configure spring.jpa.open-in-view to disable this warning
''2026-05-29 17:20:14 {main} INFO  o.s.c.o.FeignClientFactoryBean - For 'medicos-service' URL not provided. Will try picking an instance via load-balancing.
''2026-05-29 17:20:15 {main} INFO  o.s.c.o.FeignClientFactoryBean - For 'pacientes-service' URL not provided. Will try picking an instance via load-balancing.
''2026-05-29 17:20:18 {main} INFO  o.s.c.n.e.c.DiscoveryClientOptionalArgsConfiguration - Eureka HTTP Client uses RestTemplate.
''2026-05-29 17:20:18 {main} WARN  o.s.c.l.c.LoadBalancerCacheAutoConfiguration$LoadBalancerCaffeineWarnLogger - Spring Cloud LoadBalancer is currently working with the default cache. While this cache implementation is useful for development and tests, it's recommended to use Caffeine cache in production.You can switch to using Caffeine cache, by adding it and org.springframework.cache.caffeine.CaffeineCacheManager to the classpath.
''2026-05-29 17:20:19 {main} INFO  o.s.c.n.eureka.InstanceInfoFactory - Setting initial instance status as: STARTING
''2026-05-29 17:20:19 {main} INFO  c.netflix.discovery.DiscoveryClient - Initializing Eureka in region us-east-1
''2026-05-29 17:20:19 {main} INFO  c.n.d.s.r.aws.ConfigClusterResolver - Resolving eureka endpoints via configuration
''2026-05-29 17:20:19 {main} INFO  c.netflix.discovery.DiscoveryClient - Disable delta property : false
''2026-05-29 17:20:19 {main} INFO  c.netflix.discovery.DiscoveryClient - Single vip registry refresh property : null
''2026-05-29 17:20:19 {main} INFO  c.netflix.discovery.DiscoveryClient - Force full registry fetch : false
''2026-05-29 17:20:19 {main} INFO  c.netflix.discovery.DiscoveryClient - Application is null : false
''2026-05-29 17:20:19 {main} INFO  c.netflix.discovery.DiscoveryClient - Registered Applications size is zero : true
''2026-05-29 17:20:19 {main} INFO  c.netflix.discovery.DiscoveryClient - Application version is -1: true
''2026-05-29 17:20:19 {main} INFO  c.netflix.discovery.DiscoveryClient - Getting all instance registry info from the eureka server
''2026-05-29 17:20:20 {main} INFO  c.netflix.discovery.DiscoveryClient - The response status is 200
''2026-05-29 17:20:20 {main} INFO  c.netflix.discovery.DiscoveryClient - Starting heartbeat executor: renew interval is: 30
''2026-05-29 17:20:20 {main} INFO  c.n.discovery.InstanceInfoReplicator - InstanceInfoReplicator onDemand update allowed rate per min is 4
''2026-05-29 17:20:20 {main} INFO  c.netflix.discovery.DiscoveryClient - Discovery Client initialized at timestamp 1780096820337 with initial instances count: 7
''2026-05-29 17:20:20 {main} INFO  o.s.c.n.e.s.EurekaServiceRegistry - Registering application CITAS-SERVICE with eureka with status UP
''2026-05-29 17:20:20 {main} INFO  c.netflix.discovery.DiscoveryClient - Saw local status change event StatusChangeEvent [timestamp=1780096820383, current=UP, previous=STARTING]
''2026-05-29 17:20:20 {DiscoveryClient-InstanceInfoReplicator-%d} INFO  c.netflix.discovery.DiscoveryClient - DiscoveryClient_CITAS-SERVICE/VITO:citas-service:8097: registering service...
''2026-05-29 17:20:20 {DiscoveryClient-InstanceInfoReplicator-%d} INFO  c.netflix.discovery.DiscoveryClient - DiscoveryClient_CITAS-SERVICE/VITO:citas-service:8097 - registration status: 204
''2026-05-29 17:20:20 {main} INFO  o.s.b.w.e.tomcat.TomcatWebServer - Tomcat started on port 8097 (http) with context path '/'
''2026-05-29 17:20:20 {main} INFO  o.s.c.n.e.s.EurekaAutoServiceRegistration - Updating port to 8097
''2026-05-29 17:20:21 {main} INFO  c.u.m.c.CitasServiceApplication - Started CitasServiceApplication in 30.535 seconds (process running for 33.105)
''2026-05-29 17:20:30 {http-nio-8097-exec-1} INFO  o.a.c.c.C.[Tomcat].[localhost].[/] - Initializing Spring DispatcherServlet 'dispatcherServlet'
''2026-05-29 17:20:30 {http-nio-8097-exec-1} INFO  o.s.web.servlet.DispatcherServlet - Initializing Servlet 'dispatcherServlet'
''2026-05-29 17:20:30 {http-nio-8097-exec-1} INFO  o.s.web.servlet.DispatcherServlet - Completed initialization in 5 ms
''2026-05-29 17:20:33 {http-nio-8097-exec-1} ERROR o.a.c.c.C.[.[.[.[dispatcherServlet] - Servlet.service() for servlet [dispatcherServlet] in context with path [] threw exception [Request processing failed: feign.FeignException$NotFound: [404] during [GET] to [http://pacientes-service/api/pacientes/email?email=elopez%40inforumsol.com] [PacientesClient#buscarPorEmail(String)]: [{"timestamp":"2026-05-29T23:20:33.559+00:00","status":404,"error":"Not Found","path":"/api/pacientes/email"}]] with root cause
'feign.FeignException$NotFound: [404] during [GET] to [http://pacientes-service/api/pacientes/email?email=elopez%40inforumsol.com] [PacientesClient#buscarPorEmail(String)]: [{"timestamp":"2026-05-29T23:20:33.559+00:00","status":404,"error":"Not Found","path":"/api/pacientes/email"}]
	at feign.FeignException.clientErrorStatus(FeignException.java:249)
	at feign.FeignException.errorStatus(FeignException.java:223)
	at feign.FeignException.errorStatus(FeignException.java:213)
	at feign.codec.ErrorDecoder$Default.decode(ErrorDecoder.java:103)
	at feign.InvocationContext.decodeError(InvocationContext.java:133)
	at feign.InvocationContext.proceed(InvocationContext.java:80)
	at feign.ResponseHandler.handleResponse(ResponseHandler.java:69)
	at feign.SynchronousMethodHandler.executeAndDecode(SynchronousMethodHandler.java:109)
	at feign.SynchronousMethodHandler.invoke(SynchronousMethodHandler.java:53)
	at feign.ReflectiveFeign$FeignInvocationHandler.invoke(ReflectiveFeign.java:104)
	at jdk.proxy2/jdk.proxy2.$Proxy154.buscarPorEmail(Unknown Source)
	at com.umg.microservicios.citas_service.service.CitaService.resolverPacienteId(CitaService.java:44)
	at com.umg.microservicios.citas_service.service.CitaService.solicitarCita(CitaService.java:60)
	at java.base/jdk.internal.reflect.NativeMethodAccessorImpl.invoke0(Native Method)
	at java.base/jdk.internal.reflect.NativeMethodAccessorImpl.invoke(NativeMethodAccessorImpl.java:77)
	at java.base/jdk.internal.reflect.DelegatingMethodAccessorImpl.invoke(DelegatingMethodAccessorImpl.java:43)
	at java.base/java.lang.reflect.Method.invoke(Method.java:568)
	at org.springframework.aop.support.AopUtils.invokeJoinpointUsingReflection(AopUtils.java:360)
	at org.springframework.aop.framework.ReflectiveMethodInvocation.invokeJoinpoint(ReflectiveMethodInvocation.java:196)
	at org.springframework.aop.framework.ReflectiveMethodInvocation.proceed(ReflectiveMethodInvocation.java:163)
	at org.springframework.transaction.interceptor.TransactionAspectSupport.invokeWithinTransaction(TransactionAspectSupport.java:380)
	at org.springframework.transaction.interceptor.TransactionInterceptor.invoke(TransactionInterceptor.java:119)
	at org.springframework.aop.framework.ReflectiveMethodInvocation.proceed(ReflectiveMethodInvocation.java:184)
	at org.springframework.aop.framework.CglibAopProxy$DynamicAdvisedInterceptor.intercept(CglibAopProxy.java:728)
	at com.umg.microservicios.citas_service.service.CitaService$$SpringCGLIB$$0.solicitarCita(<generated>)
	at com.umg.microservicios.citas_service.controller.CitaController.solicitarCita(CitaController.java:36)
	at java.base/jdk.internal.reflect.NativeMethodAccessorImpl.invoke0(Native Method)
	at java.base/jdk.internal.reflect.NativeMethodAccessorImpl.invoke(NativeMethodAccessorImpl.java:77)
	at java.base/jdk.internal.reflect.DelegatingMethodAccessorImpl.invoke(DelegatingMethodAccessorImpl.java:43)
	at java.base/java.lang.reflect.Method.invoke(Method.java:568)
	at org.springframework.web.method.support.InvocableHandlerMethod.doInvoke(InvocableHandlerMethod.java:258)
	at org.springframework.web.method.support.InvocableHandlerMethod.invokeForRequest(InvocableHandlerMethod.java:191)
	at org.springframework.web.servlet.mvc.method.annotation.ServletInvocableHandlerMethod.invokeAndHandle(ServletInvocableHandlerMethod.java:118)
	at org.springframework.web.servlet.mvc.method.annotation.RequestMappingHandlerAdapter.invokeHandlerMethod(RequestMappingHandlerAdapter.java:991)
	at org.springframework.web.servlet.mvc.method.annotation.RequestMappingHandlerAdapter.handleInternal(RequestMappingHandlerAdapter.java:896)
	at org.springframework.web.servlet.mvc.method.AbstractHandlerMethodAdapter.handle(AbstractHandlerMethodAdapter.java:87)
	at org.springframework.web.servlet.DispatcherServlet.doDispatch(DispatcherServlet.java:1089)
	at org.springframework.web.servlet.DispatcherServlet.doService(DispatcherServlet.java:979)
	at org.springframework.web.servlet.FrameworkServlet.processRequest(FrameworkServlet.java:1014)
	at org.springframework.web.servlet.FrameworkServlet.doPost(FrameworkServlet.java:914)
	at jakarta.servlet.http.HttpServlet.service(HttpServlet.java:590)
	at org.springframework.web.servlet.FrameworkServlet.service(FrameworkServlet.java:885)
	at jakarta.servlet.http.HttpServlet.service(HttpServlet.java:658)
	at org.apache.catalina.core.ApplicationFilterChain.internalDoFilter(ApplicationFilterChain.java:193)
	at org.apache.catalina.core.ApplicationFilterChain.doFilter(ApplicationFilterChain.java:138)
	at org.apache.tomcat.websocket.server.WsFilter.doFilter(WsFilter.java:51)
	at org.apache.catalina.core.ApplicationFilterChain.internalDoFilter(ApplicationFilterChain.java:162)
	at org.apache.catalina.core.ApplicationFilterChain.doFilter(ApplicationFilterChain.java:138)
	at org.springframework.web.filter.CorsFilter.doFilterInternal(CorsFilter.java:91)
	at org.springframework.web.filter.OncePerRequestFilter.doFilter(OncePerRequestFilter.java:116)
	at org.apache.catalina.core.ApplicationFilterChain.internalDoFilter(ApplicationFilterChain.java:162)
	at org.apache.catalina.core.ApplicationFilterChain.doFilter(ApplicationFilterChain.java:138)
	at org.springframework.web.filter.RequestContextFilter.doFilterInternal(RequestContextFilter.java:100)
	at org.springframework.web.filter.OncePerRequestFilter.doFilter(OncePerRequestFilter.java:116)
	at org.apache.catalina.core.ApplicationFilterChain.internalDoFilter(ApplicationFilterChain.java:162)
	at org.apache.catalina.core.ApplicationFilterChain.doFilter(ApplicationFilterChain.java:138)
	at org.springframework.web.filter.FormContentFilter.doFilterInternal(FormContentFilter.java:93)
	at org.springframework.web.filter.OncePerRequestFilter.doFilter(OncePerRequestFilter.java:116)
	at org.apache.catalina.core.ApplicationFilterChain.internalDoFilter(ApplicationFilterChain.java:162)
	at org.apache.catalina.core.ApplicationFilterChain.doFilter(ApplicationFilterChain.java:138)
	at org.springframework.web.filter.CharacterEncodingFilter.doFilterInternal(CharacterEncodingFilter.java:201)
	at org.springframework.web.filter.OncePerRequestFilter.doFilter(OncePerRequestFilter.java:116)
	at org.apache.catalina.core.ApplicationFilterChain.internalDoFilter(ApplicationFilterChain.java:162)
	at org.apache.catalina.core.ApplicationFilterChain.doFilter(ApplicationFilterChain.java:138)
	at org.apache.catalina.core.StandardWrapperValve.invoke(StandardWrapperValve.java:165)
	at org.apache.catalina.core.StandardContextValve.invoke(StandardContextValve.java:88)
	at org.apache.catalina.authenticator.AuthenticatorBase.invoke(AuthenticatorBase.java:492)
	at org.apache.catalina.core.StandardHostValve.invoke(StandardHostValve.java:113)
	at org.apache.catalina.valves.ErrorReportValve.invoke(ErrorReportValve.java:83)
	at org.apache.catalina.core.StandardEngineValve.invoke(StandardEngineValve.java:72)
	at org.apache.catalina.connector.CoyoteAdapter.service(CoyoteAdapter.java:342)
	at org.apache.coyote.http11.Http11Processor.service(Http11Processor.java:399)
	at org.apache.coyote.AbstractProcessorLight.process(AbstractProcessorLight.java:63)
	at org.apache.coyote.AbstractProtocol$ConnectionHandler.process(AbstractProtocol.java:903)
	at org.apache.tomcat.util.net.NioEndpoint$SocketProcessor.doRun(NioEndpoint.java:1797)
	at org.apache.tomcat.util.net.SocketProcessorBase.run(SocketProcessorBase.java:52)
	at org.apache.tomcat.util.threads.ThreadPoolExecutor.runWorker(ThreadPoolExecutor.java:973)
	at org.apache.tomcat.util.threads.ThreadPoolExecutor$Worker.run(ThreadPoolExecutor.java:491)
	at org.apache.tomcat.util.threads.TaskThread$WrappingRunnable.run(TaskThread.java:63)
	at java.base/java.lang.Thread.run(Thread.java:842)
'2026-05-29 17:25:19 {AsyncResolver-bootstrap-executor-%d} INFO  c.n.d.s.r.aws.ConfigClusterResolver - Resolving eureka endpoints via configuration
''2026-05-29 17:30:19 {AsyncResolver-bootstrap-executor-%d} INFO  c.n.d.s.r.aws.ConfigClusterResolver - Resolving eureka endpoints via configuration
''2026-05-29 17:35:19 {AsyncResolver-bootstrap-executor-%d} INFO  c.n.d.s.r.aws.ConfigClusterResolver - Resolving eureka endpoints via configuration
''2026-05-29 21:30:38 {main} INFO  c.u.m.c.CitasServiceApplication - Starting CitasServiceApplication using Java 17.0.12 with PID 38692 (D:\Proyecto - Progra 3\Revision Final\Proyecto-Final-Progra-3\Backend(Spring Boot)\Proyecto-Final-Progra-3-master\Hospital_La_Bendicion\microservicios\citas-service\target\classes started by Soporte in d:\Proyecto - Progra 3\Revision Final\Proyecto-Final-Progra-3\Backend(Spring Boot)\Proyecto-Final-Progra-3-master\Hospital_La_Bendicion\microservicios\citas-service)
''2026-05-29 21:30:38 {main} INFO  c.u.m.c.CitasServiceApplication - No active profile set, falling back to 1 default profile: "default"
''2026-05-29 21:30:38 {main} INFO  o.s.c.c.c.ConfigServerConfigDataLoader - Fetching config from server at : http://localhost:8888
''2026-05-29 21:30:38 {main} INFO  o.s.c.c.c.ConfigServerConfigDataLoader - Located environment: name=citas-service, profiles=[default], label=null, version=null, state=null
''2026-05-29 21:30:42 {main} INFO  o.s.d.r.c.RepositoryConfigurationDelegate - Bootstrapping Spring Data JPA repositories in DEFAULT mode.
''2026-05-29 21:30:43 {main} INFO  o.s.d.r.c.RepositoryConfigurationDelegate - Finished Spring Data repository scanning in 936 ms. Found 2 JPA repository interfaces.
''2026-05-29 21:30:45 {main} INFO  o.s.cloud.context.scope.GenericScope - BeanFactory id=9f5ad57d-2522-3c1e-9d43-ccd283aec3aa
''2026-05-29 21:30:48 {main} INFO  o.s.b.w.e.tomcat.TomcatWebServer - Tomcat initialized with port 8097 (http)
''2026-05-29 21:30:48 {main} INFO  o.a.catalina.core.StandardService - Starting service [Tomcat]
''2026-05-29 21:30:48 {main} INFO  o.a.catalina.core.StandardEngine - Starting Servlet engine: [Apache Tomcat/10.1.54]
''2026-05-29 21:30:49 {main} INFO  o.a.c.c.C.[Tomcat].[localhost].[/] - Initializing Spring embedded WebApplicationContext
''2026-05-29 21:30:49 {main} INFO  o.s.b.w.s.c.ServletWebServerApplicationContext - Root WebApplicationContext: initialization completed in 10473 ms
''2026-05-29 21:30:50 {main} INFO  o.h.jpa.internal.util.LogHelper - HHH000204: Processing PersistenceUnitInfo [name: default]
''2026-05-29 21:30:51 {main} INFO  org.hibernate.Version - HHH000412: Hibernate ORM core version 6.6.49.Final
''2026-05-29 21:30:52 {main} INFO  o.h.c.i.RegionFactoryInitiator - HHH000026: Second-level cache disabled
''2026-05-29 21:30:54 {main} INFO  o.s.o.j.p.SpringPersistenceUnitInfo - No LoadTimeWeaver setup: ignoring JPA class transformer
''2026-05-29 21:30:55 {main} INFO  com.zaxxer.hikari.HikariDataSource - HikariPool-1 - Starting...
''2026-05-29 21:30:56 {main} INFO  com.zaxxer.hikari.pool.HikariPool - HikariPool-1 - Added connection org.postgresql.jdbc.PgConnection@7e63374b
''2026-05-29 21:30:56 {main} INFO  com.zaxxer.hikari.HikariDataSource - HikariPool-1 - Start completed.
''2026-05-29 21:30:56 {main} WARN  org.hibernate.orm.deprecation - HHH90000025: PostgreSQLDialect does not need to be specified explicitly using 'hibernate.dialect' (remove the property setting and it will be selected by default)
''2026-05-29 21:30:56 {main} INFO  o.hibernate.orm.connections.pooling - HHH10001005: Database info:
	Database JDBC URL [Connecting through datasource 'HikariDataSource (HikariPool-1)']
	Database driver: undefined/unknown
	Database version: 16.13
	Autocommit mode: undefined/unknown
	Isolation level: undefined/unknown
	Minimum pool size: undefined/unknown
	Maximum pool size: undefined/unknown
''2026-05-29 21:31:07 {main} INFO  o.h.e.t.j.p.i.JtaPlatformInitiator - HHH000489: No JTA platform available (set 'hibernate.transaction.jta.platform' to enable JTA platform integration)
''2026-05-29 21:31:08 {main} INFO  o.s.o.j.LocalContainerEntityManagerFactoryBean - Initialized JPA EntityManagerFactory for persistence unit 'default'
''2026-05-29 21:31:10 {main} INFO  o.s.d.j.r.query.QueryEnhancerFactory - Hibernate is in classpath; If applicable, HQL parser will be used.
''2026-05-29 21:31:13 {main} WARN  o.s.b.a.o.j.JpaBaseConfiguration$JpaWebConfiguration - spring.jpa.open-in-view is enabled by default. Therefore, database queries may be performed during view rendering. Explicitly configure spring.jpa.open-in-view to disable this warning
''2026-05-29 21:31:14 {main} INFO  o.s.c.o.FeignClientFactoryBean - For 'medicos-service' URL not provided. Will try picking an instance via load-balancing.
''2026-05-29 21:31:14 {main} INFO  o.s.c.o.FeignClientFactoryBean - For 'pacientes-service' URL not provided. Will try picking an instance via load-balancing.
''2026-05-29 21:31:17 {main} INFO  o.s.c.n.e.c.DiscoveryClientOptionalArgsConfiguration - Eureka HTTP Client uses RestTemplate.
''2026-05-29 21:31:17 {main} WARN  o.s.c.l.c.LoadBalancerCacheAutoConfiguration$LoadBalancerCaffeineWarnLogger - Spring Cloud LoadBalancer is currently working with the default cache. While this cache implementation is useful for development and tests, it's recommended to use Caffeine cache in production.You can switch to using Caffeine cache, by adding it and org.springframework.cache.caffeine.CaffeineCacheManager to the classpath.
''2026-05-29 21:31:18 {main} INFO  o.s.c.n.eureka.InstanceInfoFactory - Setting initial instance status as: STARTING
''2026-05-29 21:31:18 {main} INFO  c.netflix.discovery.DiscoveryClient - Initializing Eureka in region us-east-1
''2026-05-29 21:31:18 {main} INFO  c.n.d.s.r.aws.ConfigClusterResolver - Resolving eureka endpoints via configuration
''2026-05-29 21:31:18 {main} INFO  c.netflix.discovery.DiscoveryClient - Disable delta property : false
''2026-05-29 21:31:18 {main} INFO  c.netflix.discovery.DiscoveryClient - Single vip registry refresh property : null
''2026-05-29 21:31:18 {main} INFO  c.netflix.discovery.DiscoveryClient - Force full registry fetch : false
''2026-05-29 21:31:18 {main} INFO  c.netflix.discovery.DiscoveryClient - Application is null : false
''2026-05-29 21:31:18 {main} INFO  c.netflix.discovery.DiscoveryClient - Registered Applications size is zero : true
''2026-05-29 21:31:18 {main} INFO  c.netflix.discovery.DiscoveryClient - Application version is -1: true
''2026-05-29 21:31:18 {main} INFO  c.netflix.discovery.DiscoveryClient - Getting all instance registry info from the eureka server
''2026-05-29 21:31:19 {main} INFO  c.netflix.discovery.DiscoveryClient - The response status is 200
''2026-05-29 21:31:19 {main} INFO  c.netflix.discovery.DiscoveryClient - Starting heartbeat executor: renew interval is: 30
''2026-05-29 21:31:19 {main} INFO  c.n.discovery.InstanceInfoReplicator - InstanceInfoReplicator onDemand update allowed rate per min is 4
''2026-05-29 21:31:19 {main} INFO  c.netflix.discovery.DiscoveryClient - Discovery Client initialized at timestamp 1780111879343 with initial instances count: 4
''2026-05-29 21:31:19 {main} INFO  o.s.c.n.e.s.EurekaServiceRegistry - Registering application CITAS-SERVICE with eureka with status UP
''2026-05-29 21:31:19 {main} INFO  c.netflix.discovery.DiscoveryClient - Saw local status change event StatusChangeEvent [timestamp=1780111879359, current=UP, previous=STARTING]
''2026-05-29 21:31:19 {DiscoveryClient-InstanceInfoReplicator-%d} INFO  c.netflix.discovery.DiscoveryClient - DiscoveryClient_CITAS-SERVICE/VITO:citas-service:8097: registering service...
''2026-05-29 21:31:19 {main} INFO  o.s.b.w.e.tomcat.TomcatWebServer - Tomcat started on port 8097 (http) with context path '/'
''2026-05-29 21:31:19 {main} INFO  o.s.c.n.e.s.EurekaAutoServiceRegistration - Updating port to 8097
''2026-05-29 21:31:19 {DiscoveryClient-InstanceInfoReplicator-%d} INFO  c.netflix.discovery.DiscoveryClient - DiscoveryClient_CITAS-SERVICE/VITO:citas-service:8097 - registration status: 204
''2026-05-29 21:31:19 {main} INFO  c.u.m.c.CitasServiceApplication - Started CitasServiceApplication in 45.006 seconds (process running for 47.97)
''2026-05-29 21:34:25 {main} INFO  c.u.m.c.CitasServiceApplication - Starting CitasServiceApplication using Java 17.0.12 with PID 14320 (D:\Proyecto - Progra 3\Revision Final\Proyecto-Final-Progra-3\Backend(Spring Boot)\Proyecto-Final-Progra-3-master\Hospital_La_Bendicion\microservicios\citas-service\target\classes started by Soporte in d:\Proyecto - Progra 3\Revision Final\Proyecto-Final-Progra-3\Backend(Spring Boot)\Proyecto-Final-Progra-3-master\Hospital_La_Bendicion\microservicios\citas-service)
''2026-05-29 21:34:25 {main} INFO  c.u.m.c.CitasServiceApplication - No active profile set, falling back to 1 default profile: "default"
''2026-05-29 21:34:26 {main} INFO  o.s.c.c.c.ConfigServerConfigDataLoader - Fetching config from server at : http://localhost:8888
''2026-05-29 21:34:26 {main} INFO  o.s.c.c.c.ConfigServerConfigDataLoader - Located environment: name=citas-service, profiles=[default], label=null, version=null, state=null
''2026-05-29 21:34:31 {main} INFO  o.s.d.r.c.RepositoryConfigurationDelegate - Bootstrapping Spring Data JPA repositories in DEFAULT mode.
''2026-05-29 21:34:33 {main} INFO  o.s.d.r.c.RepositoryConfigurationDelegate - Finished Spring Data repository scanning in 1228 ms. Found 2 JPA repository interfaces.
''2026-05-29 21:34:35 {main} INFO  o.s.cloud.context.scope.GenericScope - BeanFactory id=9f5ad57d-2522-3c1e-9d43-ccd283aec3aa
''2026-05-29 21:34:37 {main} INFO  o.s.b.w.e.tomcat.TomcatWebServer - Tomcat initialized with port 8097 (http)
''2026-05-29 21:34:37 {main} INFO  o.a.catalina.core.StandardService - Starting service [Tomcat]
''2026-05-29 21:34:37 {main} INFO  o.a.catalina.core.StandardEngine - Starting Servlet engine: [Apache Tomcat/10.1.54]
''2026-05-29 21:34:38 {main} INFO  o.a.c.c.C.[Tomcat].[localhost].[/] - Initializing Spring embedded WebApplicationContext
''2026-05-29 21:34:38 {main} INFO  o.s.b.w.s.c.ServletWebServerApplicationContext - Root WebApplicationContext: initialization completed in 12085 ms
''2026-05-29 21:34:39 {main} INFO  o.h.jpa.internal.util.LogHelper - HHH000204: Processing PersistenceUnitInfo [name: default]
''2026-05-29 21:34:40 {main} INFO  org.hibernate.Version - HHH000412: Hibernate ORM core version 6.6.49.Final
''2026-05-29 21:34:40 {main} INFO  o.h.c.i.RegionFactoryInitiator - HHH000026: Second-level cache disabled
''2026-05-29 21:34:42 {main} INFO  o.s.o.j.p.SpringPersistenceUnitInfo - No LoadTimeWeaver setup: ignoring JPA class transformer
''2026-05-29 21:34:42 {main} INFO  com.zaxxer.hikari.HikariDataSource - HikariPool-1 - Starting...
''2026-05-29 21:34:43 {main} INFO  com.zaxxer.hikari.pool.HikariPool - HikariPool-1 - Added connection org.postgresql.jdbc.PgConnection@7e63374b
''2026-05-29 21:34:43 {main} INFO  com.zaxxer.hikari.HikariDataSource - HikariPool-1 - Start completed.
''2026-05-29 21:34:43 {main} WARN  org.hibernate.orm.deprecation - HHH90000025: PostgreSQLDialect does not need to be specified explicitly using 'hibernate.dialect' (remove the property setting and it will be selected by default)
''2026-05-29 21:34:44 {main} INFO  o.hibernate.orm.connections.pooling - HHH10001005: Database info:
	Database JDBC URL [Connecting through datasource 'HikariDataSource (HikariPool-1)']
	Database driver: undefined/unknown
	Database version: 16.13
	Autocommit mode: undefined/unknown
	Isolation level: undefined/unknown
	Minimum pool size: undefined/unknown
	Maximum pool size: undefined/unknown
''2026-05-29 21:34:49 {main} INFO  o.h.e.t.j.p.i.JtaPlatformInitiator - HHH000489: No JTA platform available (set 'hibernate.transaction.jta.platform' to enable JTA platform integration)
''2026-05-29 21:34:49 {main} INFO  o.s.o.j.LocalContainerEntityManagerFactoryBean - Initialized JPA EntityManagerFactory for persistence unit 'default'
''2026-05-29 21:34:50 {main} INFO  o.s.d.j.r.query.QueryEnhancerFactory - Hibernate is in classpath; If applicable, HQL parser will be used.
''2026-05-29 21:34:52 {main} WARN  o.s.b.a.o.j.JpaBaseConfiguration$JpaWebConfiguration - spring.jpa.open-in-view is enabled by default. Therefore, database queries may be performed during view rendering. Explicitly configure spring.jpa.open-in-view to disable this warning
''2026-05-29 21:34:53 {main} INFO  o.s.c.o.FeignClientFactoryBean - For 'medicos-service' URL not provided. Will try picking an instance via load-balancing.
''2026-05-29 21:34:54 {main} INFO  o.s.c.o.FeignClientFactoryBean - For 'pacientes-service' URL not provided. Will try picking an instance via load-balancing.
''2026-05-29 21:34:57 {main} INFO  o.s.c.n.e.c.DiscoveryClientOptionalArgsConfiguration - Eureka HTTP Client uses RestTemplate.
''2026-05-29 21:34:57 {main} WARN  o.s.c.l.c.LoadBalancerCacheAutoConfiguration$LoadBalancerCaffeineWarnLogger - Spring Cloud LoadBalancer is currently working with the default cache. While this cache implementation is useful for development and tests, it's recommended to use Caffeine cache in production.You can switch to using Caffeine cache, by adding it and org.springframework.cache.caffeine.CaffeineCacheManager to the classpath.
''2026-05-29 21:34:57 {main} INFO  o.s.c.n.eureka.InstanceInfoFactory - Setting initial instance status as: STARTING
''2026-05-29 21:34:58 {main} INFO  c.netflix.discovery.DiscoveryClient - Initializing Eureka in region us-east-1
''2026-05-29 21:34:58 {main} INFO  c.n.d.s.r.aws.ConfigClusterResolver - Resolving eureka endpoints via configuration
''2026-05-29 21:34:58 {main} INFO  c.netflix.discovery.DiscoveryClient - Disable delta property : false
''2026-05-29 21:34:58 {main} INFO  c.netflix.discovery.DiscoveryClient - Single vip registry refresh property : null
''2026-05-29 21:34:58 {main} INFO  c.netflix.discovery.DiscoveryClient - Force full registry fetch : false
''2026-05-29 21:34:58 {main} INFO  c.netflix.discovery.DiscoveryClient - Application is null : false
''2026-05-29 21:34:58 {main} INFO  c.netflix.discovery.DiscoveryClient - Registered Applications size is zero : true
''2026-05-29 21:34:58 {main} INFO  c.netflix.discovery.DiscoveryClient - Application version is -1: true
''2026-05-29 21:34:58 {main} INFO  c.netflix.discovery.DiscoveryClient - Getting all instance registry info from the eureka server
''2026-05-29 21:34:59 {main} INFO  c.netflix.discovery.DiscoveryClient - The response status is 200
''2026-05-29 21:34:59 {main} INFO  c.netflix.discovery.DiscoveryClient - Starting heartbeat executor: renew interval is: 30
''2026-05-29 21:34:59 {main} INFO  c.n.discovery.InstanceInfoReplicator - InstanceInfoReplicator onDemand update allowed rate per min is 4
''2026-05-29 21:34:59 {main} INFO  c.netflix.discovery.DiscoveryClient - Discovery Client initialized at timestamp 1780112099224 with initial instances count: 7
''2026-05-29 21:34:59 {main} INFO  o.s.c.n.e.s.EurekaServiceRegistry - Registering application CITAS-SERVICE with eureka with status UP
''2026-05-29 21:34:59 {main} INFO  c.netflix.discovery.DiscoveryClient - Saw local status change event StatusChangeEvent [timestamp=1780112099289, current=UP, previous=STARTING]
''2026-05-29 21:34:59 {DiscoveryClient-InstanceInfoReplicator-%d} INFO  c.netflix.discovery.DiscoveryClient - DiscoveryClient_CITAS-SERVICE/VITO:citas-service:8097: registering service...
''2026-05-29 21:34:59 {DiscoveryClient-InstanceInfoReplicator-%d} INFO  c.netflix.discovery.DiscoveryClient - DiscoveryClient_CITAS-SERVICE/VITO:citas-service:8097 - registration status: 204
''2026-05-29 21:34:59 {main} INFO  o.s.b.w.e.tomcat.TomcatWebServer - Tomcat started on port 8097 (http) with context path '/'
''2026-05-29 21:34:59 {main} INFO  o.s.c.n.e.s.EurekaAutoServiceRegistration - Updating port to 8097
''2026-05-29 21:35:00 {main} INFO  c.u.m.c.CitasServiceApplication - Started CitasServiceApplication in 40.524 seconds (process running for 43.549)
''2026-05-29 21:37:11 {http-nio-8097-exec-1} INFO  o.a.c.c.C.[Tomcat].[localhost].[/] - Initializing Spring DispatcherServlet 'dispatcherServlet'
''2026-05-29 21:37:11 {http-nio-8097-exec-1} INFO  o.s.web.servlet.DispatcherServlet - Initializing Servlet 'dispatcherServlet'
''2026-05-29 21:37:11 {http-nio-8097-exec-1} INFO  o.s.web.servlet.DispatcherServlet - Completed initialization in 99 ms
''2026-05-29 21:37:13 {http-nio-8097-exec-1} ERROR o.a.c.c.C.[.[.[.[dispatcherServlet] - Servlet.service() for servlet [dispatcherServlet] in context with path [] threw exception [Request processing failed: feign.codec.DecodeException: Error while extracting response for type [java.util.Map<java.lang.String, java.lang.Object>] and content type [application/json]] with root cause
'com.fasterxml.jackson.databind.exc.MismatchedInputException: Cannot deserialize value of type `java.util.LinkedHashMap<java.lang.String,java.lang.Object>` from Array value (token `JsonToken.START_ARRAY`)
 at [Source: REDACTED (`StreamReadFeature.INCLUDE_SOURCE_IN_LOCATION` disabled); line: 1, column: 1]
	at com.fasterxml.jackson.databind.exc.MismatchedInputException.from(MismatchedInputException.java:72)
	at com.fasterxml.jackson.databind.DeserializationContext.reportInputMismatch(DeserializationContext.java:1814)
	at com.fasterxml.jackson.databind.DeserializationContext.handleUnexpectedToken(DeserializationContext.java:1588)
	at com.fasterxml.jackson.databind.deser.std.StdDeserializer._deserializeFromArray(StdDeserializer.java:221)
	at com.fasterxml.jackson.databind.deser.std.MapDeserializer.deserialize(MapDeserializer.java:458)
	at com.fasterxml.jackson.databind.deser.std.MapDeserializer.deserialize(MapDeserializer.java:31)
	at com.fasterxml.jackson.databind.deser.DefaultDeserializationContext.readRootValue(DefaultDeserializationContext.java:342)
	at com.fasterxml.jackson.databind.ObjectReader._bindAndClose(ObjectReader.java:2148)
	at com.fasterxml.jackson.databind.ObjectReader.readValue(ObjectReader.java:1504)
	at org.springframework.http.converter.json.AbstractJackson2HttpMessageConverter.readJavaType(AbstractJackson2HttpMessageConverter.java:397)
	at org.springframework.http.converter.json.AbstractJackson2HttpMessageConverter.read(AbstractJackson2HttpMessageConverter.java:356)
	at org.springframework.web.client.HttpMessageConverterExtractor.extractData(HttpMessageConverterExtractor.java:105)
	at org.springframework.cloud.openfeign.support.SpringDecoder.decode(SpringDecoder.java:71)
	at org.springframework.cloud.openfeign.support.ResponseEntityDecoder.decode(ResponseEntityDecoder.java:62)
	at feign.optionals.OptionalDecoder.decode(OptionalDecoder.java:38)
	at feign.InvocationContext.decode(InvocationContext.java:121)
	at feign.InvocationContext.proceed(InvocationContext.java:94)
	at feign.ResponseHandler.handleResponse(ResponseHandler.java:69)
	at feign.SynchronousMethodHandler.executeAndDecode(SynchronousMethodHandler.java:109)
	at feign.SynchronousMethodHandler.invoke(SynchronousMethodHandler.java:53)
	at feign.ReflectiveFeign$FeignInvocationHandler.invoke(ReflectiveFeign.java:104)
	at jdk.proxy2/jdk.proxy2.$Proxy154.buscarPorEmail(Unknown Source)
	at com.umg.microservicios.citas_service.service.CitaService.resolverPacienteId(CitaService.java:44)
	at com.umg.microservicios.citas_service.service.CitaService.obtenerHistorialPaciente(CitaService.java:175)
	at java.base/jdk.internal.reflect.NativeMethodAccessorImpl.invoke0(Native Method)
	at java.base/jdk.internal.reflect.NativeMethodAccessorImpl.invoke(NativeMethodAccessorImpl.java:77)
	at java.base/jdk.internal.reflect.DelegatingMethodAccessorImpl.invoke(DelegatingMethodAccessorImpl.java:43)
	at java.base/java.lang.reflect.Method.invoke(Method.java:568)
	at org.springframework.aop.support.AopUtils.invokeJoinpointUsingReflection(AopUtils.java:360)
	at org.springframework.aop.framework.CglibAopProxy$DynamicAdvisedInterceptor.intercept(CglibAopProxy.java:724)
	at com.umg.microservicios.citas_service.service.CitaService$$SpringCGLIB$$0.obtenerHistorialPaciente(<generated>)
	at com.umg.microservicios.citas_service.controller.CitaController.getMisCitas(CitaController.java:28)
	at java.base/jdk.internal.reflect.NativeMethodAccessorImpl.invoke0(Native Method)
	at java.base/jdk.internal.reflect.NativeMethodAccessorImpl.invoke(NativeMethodAccessorImpl.java:77)
	at java.base/jdk.internal.reflect.DelegatingMethodAccessorImpl.invoke(DelegatingMethodAccessorImpl.java:43)
	at java.base/java.lang.reflect.Method.invoke(Method.java:568)
	at org.springframework.web.method.support.InvocableHandlerMethod.doInvoke(InvocableHandlerMethod.java:258)
	at org.springframework.web.method.support.InvocableHandlerMethod.invokeForRequest(InvocableHandlerMethod.java:191)
	at org.springframework.web.servlet.mvc.method.annotation.ServletInvocableHandlerMethod.invokeAndHandle(ServletInvocableHandlerMethod.java:118)
	at org.springframework.web.servlet.mvc.method.annotation.RequestMappingHandlerAdapter.invokeHandlerMethod(RequestMappingHandlerAdapter.java:991)
	at org.springframework.web.servlet.mvc.method.annotation.RequestMappingHandlerAdapter.handleInternal(RequestMappingHandlerAdapter.java:896)
	at org.springframework.web.servlet.mvc.method.AbstractHandlerMethodAdapter.handle(AbstractHandlerMethodAdapter.java:87)
	at org.springframework.web.servlet.DispatcherServlet.doDispatch(DispatcherServlet.java:1089)
	at org.springframework.web.servlet.DispatcherServlet.doService(DispatcherServlet.java:979)
	at org.springframework.web.servlet.FrameworkServlet.processRequest(FrameworkServlet.java:1014)
	at org.springframework.web.servlet.FrameworkServlet.doGet(FrameworkServlet.java:903)
	at jakarta.servlet.http.HttpServlet.service(HttpServlet.java:564)
	at org.springframework.web.servlet.FrameworkServlet.service(FrameworkServlet.java:885)
	at jakarta.servlet.http.HttpServlet.service(HttpServlet.java:658)
	at org.apache.catalina.core.ApplicationFilterChain.internalDoFilter(ApplicationFilterChain.java:193)
	at org.apache.catalina.core.ApplicationFilterChain.doFilter(ApplicationFilterChain.java:138)
	at org.apache.tomcat.websocket.server.WsFilter.doFilter(WsFilter.java:51)
	at org.apache.catalina.core.ApplicationFilterChain.internalDoFilter(ApplicationFilterChain.java:162)
	at org.apache.catalina.core.ApplicationFilterChain.doFilter(ApplicationFilterChain.java:138)
	at org.springframework.web.filter.CorsFilter.doFilterInternal(CorsFilter.java:91)
	at org.springframework.web.filter.OncePerRequestFilter.doFilter(OncePerRequestFilter.java:116)
	at org.apache.catalina.core.ApplicationFilterChain.internalDoFilter(ApplicationFilterChain.java:162)
	at org.apache.catalina.core.ApplicationFilterChain.doFilter(ApplicationFilterChain.java:138)
	at org.springframework.web.filter.RequestContextFilter.doFilterInternal(RequestContextFilter.java:100)
	at org.springframework.web.filter.OncePerRequestFilter.doFilter(OncePerRequestFilter.java:116)
	at org.apache.catalina.core.ApplicationFilterChain.internalDoFilter(ApplicationFilterChain.java:162)
	at org.apache.catalina.core.ApplicationFilterChain.doFilter(ApplicationFilterChain.java:138)
	at org.springframework.web.filter.FormContentFilter.doFilterInternal(FormContentFilter.java:93)
	at org.springframework.web.filter.OncePerRequestFilter.doFilter(OncePerRequestFilter.java:116)
	at org.apache.catalina.core.ApplicationFilterChain.internalDoFilter(ApplicationFilterChain.java:162)
	at org.apache.catalina.core.ApplicationFilterChain.doFilter(ApplicationFilterChain.java:138)
	at org.springframework.web.filter.CharacterEncodingFilter.doFilterInternal(CharacterEncodingFilter.java:201)
	at org.springframework.web.filter.OncePerRequestFilter.doFilter(OncePerRequestFilter.java:116)
	at org.apache.catalina.core.ApplicationFilterChain.internalDoFilter(ApplicationFilterChain.java:162)
	at org.apache.catalina.core.ApplicationFilterChain.doFilter(ApplicationFilterChain.java:138)
	at org.apache.catalina.core.StandardWrapperValve.invoke(StandardWrapperValve.java:165)
	at org.apache.catalina.core.StandardContextValve.invoke(StandardContextValve.java:88)
	at org.apache.catalina.authenticator.AuthenticatorBase.invoke(AuthenticatorBase.java:492)
	at org.apache.catalina.core.StandardHostValve.invoke(StandardHostValve.java:113)
	at org.apache.catalina.valves.ErrorReportValve.invoke(ErrorReportValve.java:83)
	at org.apache.catalina.core.StandardEngineValve.invoke(StandardEngineValve.java:72)
	at org.apache.catalina.connector.CoyoteAdapter.service(CoyoteAdapter.java:342)
	at org.apache.coyote.http11.Http11Processor.service(Http11Processor.java:399)
	at org.apache.coyote.AbstractProcessorLight.process(AbstractProcessorLight.java:63)
	at org.apache.coyote.AbstractProtocol$ConnectionHandler.process(AbstractProtocol.java:903)
	at org.apache.tomcat.util.net.NioEndpoint$SocketProcessor.doRun(NioEndpoint.java:1797)
	at org.apache.tomcat.util.net.SocketProcessorBase.run(SocketProcessorBase.java:52)
	at org.apache.tomcat.util.threads.ThreadPoolExecutor.runWorker(ThreadPoolExecutor.java:973)
	at org.apache.tomcat.util.threads.ThreadPoolExecutor$Worker.run(ThreadPoolExecutor.java:491)
	at org.apache.tomcat.util.threads.TaskThread$WrappingRunnable.run(TaskThread.java:63)
	at java.base/java.lang.Thread.run(Thread.java:842)
'2026-05-29 21:38:07 {http-nio-8097-exec-4} ERROR o.a.c.c.C.[.[.[.[dispatcherServlet] - Servlet.service() for servlet [dispatcherServlet] in context with path [] threw exception [Request processing failed: feign.codec.DecodeException: Error while extracting response for type [java.util.Map<java.lang.String, java.lang.Object>] and content type [application/json]] with root cause
'com.fasterxml.jackson.databind.exc.MismatchedInputException: Cannot deserialize value of type `java.util.LinkedHashMap<java.lang.String,java.lang.Object>` from Array value (token `JsonToken.START_ARRAY`)
 at [Source: REDACTED (`StreamReadFeature.INCLUDE_SOURCE_IN_LOCATION` disabled); line: 1, column: 1]
	at com.fasterxml.jackson.databind.exc.MismatchedInputException.from(MismatchedInputException.java:72)
	at com.fasterxml.jackson.databind.DeserializationContext.reportInputMismatch(DeserializationContext.java:1814)
	at com.fasterxml.jackson.databind.DeserializationContext.handleUnexpectedToken(DeserializationContext.java:1588)
	at com.fasterxml.jackson.databind.deser.std.StdDeserializer._deserializeFromArray(StdDeserializer.java:221)
	at com.fasterxml.jackson.databind.deser.std.MapDeserializer.deserialize(MapDeserializer.java:458)
	at com.fasterxml.jackson.databind.deser.std.MapDeserializer.deserialize(MapDeserializer.java:31)
	at com.fasterxml.jackson.databind.deser.DefaultDeserializationContext.readRootValue(DefaultDeserializationContext.java:342)
	at com.fasterxml.jackson.databind.ObjectReader._bindAndClose(ObjectReader.java:2148)
	at com.fasterxml.jackson.databind.ObjectReader.readValue(ObjectReader.java:1504)
	at org.springframework.http.converter.json.AbstractJackson2HttpMessageConverter.readJavaType(AbstractJackson2HttpMessageConverter.java:397)
	at org.springframework.http.converter.json.AbstractJackson2HttpMessageConverter.read(AbstractJackson2HttpMessageConverter.java:356)
	at org.springframework.web.client.HttpMessageConverterExtractor.extractData(HttpMessageConverterExtractor.java:105)
	at org.springframework.cloud.openfeign.support.SpringDecoder.decode(SpringDecoder.java:71)
	at org.springframework.cloud.openfeign.support.ResponseEntityDecoder.decode(ResponseEntityDecoder.java:62)
	at feign.optionals.OptionalDecoder.decode(OptionalDecoder.java:38)
	at feign.InvocationContext.decode(InvocationContext.java:121)
	at feign.InvocationContext.proceed(InvocationContext.java:94)
	at feign.ResponseHandler.handleResponse(ResponseHandler.java:69)
	at feign.SynchronousMethodHandler.executeAndDecode(SynchronousMethodHandler.java:109)
	at feign.SynchronousMethodHandler.invoke(SynchronousMethodHandler.java:53)
	at feign.ReflectiveFeign$FeignInvocationHandler.invoke(ReflectiveFeign.java:104)
	at jdk.proxy2/jdk.proxy2.$Proxy154.buscarPorEmail(Unknown Source)
	at com.umg.microservicios.citas_service.service.CitaService.resolverPacienteId(CitaService.java:44)
	at com.umg.microservicios.citas_service.service.CitaService.obtenerHistorialPaciente(CitaService.java:175)
	at java.base/jdk.internal.reflect.NativeMethodAccessorImpl.invoke0(Native Method)
	at java.base/jdk.internal.reflect.NativeMethodAccessorImpl.invoke(NativeMethodAccessorImpl.java:77)
	at java.base/jdk.internal.reflect.DelegatingMethodAccessorImpl.invoke(DelegatingMethodAccessorImpl.java:43)
	at java.base/java.lang.reflect.Method.invoke(Method.java:568)
	at org.springframework.aop.support.AopUtils.invokeJoinpointUsingReflection(AopUtils.java:360)
	at org.springframework.aop.framework.CglibAopProxy$DynamicAdvisedInterceptor.intercept(CglibAopProxy.java:724)
	at com.umg.microservicios.citas_service.service.CitaService$$SpringCGLIB$$0.obtenerHistorialPaciente(<generated>)
	at com.umg.microservicios.citas_service.controller.CitaController.getMisCitas(CitaController.java:28)
	at java.base/jdk.internal.reflect.NativeMethodAccessorImpl.invoke0(Native Method)
	at java.base/jdk.internal.reflect.NativeMethodAccessorImpl.invoke(NativeMethodAccessorImpl.java:77)
	at java.base/jdk.internal.reflect.DelegatingMethodAccessorImpl.invoke(DelegatingMethodAccessorImpl.java:43)
	at java.base/java.lang.reflect.Method.invoke(Method.java:568)
	at org.springframework.web.method.support.InvocableHandlerMethod.doInvoke(InvocableHandlerMethod.java:258)
	at org.springframework.web.method.support.InvocableHandlerMethod.invokeForRequest(InvocableHandlerMethod.java:191)
	at org.springframework.web.servlet.mvc.method.annotation.ServletInvocableHandlerMethod.invokeAndHandle(ServletInvocableHandlerMethod.java:118)
	at org.springframework.web.servlet.mvc.method.annotation.RequestMappingHandlerAdapter.invokeHandlerMethod(RequestMappingHandlerAdapter.java:991)
	at org.springframework.web.servlet.mvc.method.annotation.RequestMappingHandlerAdapter.handleInternal(RequestMappingHandlerAdapter.java:896)
	at org.springframework.web.servlet.mvc.method.AbstractHandlerMethodAdapter.handle(AbstractHandlerMethodAdapter.java:87)
	at org.springframework.web.servlet.DispatcherServlet.doDispatch(DispatcherServlet.java:1089)
	at org.springframework.web.servlet.DispatcherServlet.doService(DispatcherServlet.java:979)
	at org.springframework.web.servlet.FrameworkServlet.processRequest(FrameworkServlet.java:1014)
	at org.springframework.web.servlet.FrameworkServlet.doGet(FrameworkServlet.java:903)
	at jakarta.servlet.http.HttpServlet.service(HttpServlet.java:564)
	at org.springframework.web.servlet.FrameworkServlet.service(FrameworkServlet.java:885)
	at jakarta.servlet.http.HttpServlet.service(HttpServlet.java:658)
	at org.apache.catalina.core.ApplicationFilterChain.internalDoFilter(ApplicationFilterChain.java:193)
	at org.apache.catalina.core.ApplicationFilterChain.doFilter(ApplicationFilterChain.java:138)
	at org.apache.tomcat.websocket.server.WsFilter.doFilter(WsFilter.java:51)
	at org.apache.catalina.core.ApplicationFilterChain.internalDoFilter(ApplicationFilterChain.java:162)
	at org.apache.catalina.core.ApplicationFilterChain.doFilter(ApplicationFilterChain.java:138)
	at org.springframework.web.filter.CorsFilter.doFilterInternal(CorsFilter.java:91)
	at org.springframework.web.filter.OncePerRequestFilter.doFilter(OncePerRequestFilter.java:116)
	at org.apache.catalina.core.ApplicationFilterChain.internalDoFilter(ApplicationFilterChain.java:162)
	at org.apache.catalina.core.ApplicationFilterChain.doFilter(ApplicationFilterChain.java:138)
	at org.springframework.web.filter.RequestContextFilter.doFilterInternal(RequestContextFilter.java:100)
	at org.springframework.web.filter.OncePerRequestFilter.doFilter(OncePerRequestFilter.java:116)
	at org.apache.catalina.core.ApplicationFilterChain.internalDoFilter(ApplicationFilterChain.java:162)
	at org.apache.catalina.core.ApplicationFilterChain.doFilter(ApplicationFilterChain.java:138)
	at org.springframework.web.filter.FormContentFilter.doFilterInternal(FormContentFilter.java:93)
	at org.springframework.web.filter.OncePerRequestFilter.doFilter(OncePerRequestFilter.java:116)
	at org.apache.catalina.core.ApplicationFilterChain.internalDoFilter(ApplicationFilterChain.java:162)
	at org.apache.catalina.core.ApplicationFilterChain.doFilter(ApplicationFilterChain.java:138)
	at org.springframework.web.filter.CharacterEncodingFilter.doFilterInternal(CharacterEncodingFilter.java:201)
	at org.springframework.web.filter.OncePerRequestFilter.doFilter(OncePerRequestFilter.java:116)
	at org.apache.catalina.core.ApplicationFilterChain.internalDoFilter(ApplicationFilterChain.java:162)
	at org.apache.catalina.core.ApplicationFilterChain.doFilter(ApplicationFilterChain.java:138)
	at org.apache.catalina.core.StandardWrapperValve.invoke(StandardWrapperValve.java:165)
	at org.apache.catalina.core.StandardContextValve.invoke(StandardContextValve.java:88)
	at org.apache.catalina.authenticator.AuthenticatorBase.invoke(AuthenticatorBase.java:492)
	at org.apache.catalina.core.StandardHostValve.invoke(StandardHostValve.java:113)
	at org.apache.catalina.valves.ErrorReportValve.invoke(ErrorReportValve.java:83)
	at org.apache.catalina.core.StandardEngineValve.invoke(StandardEngineValve.java:72)
	at org.apache.catalina.connector.CoyoteAdapter.service(CoyoteAdapter.java:342)
	at org.apache.coyote.http11.Http11Processor.service(Http11Processor.java:399)
	at org.apache.coyote.AbstractProcessorLight.process(AbstractProcessorLight.java:63)
	at org.apache.coyote.AbstractProtocol$ConnectionHandler.process(AbstractProtocol.java:903)
	at org.apache.tomcat.util.net.NioEndpoint$SocketProcessor.doRun(NioEndpoint.java:1797)
	at org.apache.tomcat.util.net.SocketProcessorBase.run(SocketProcessorBase.java:52)
	at org.apache.tomcat.util.threads.ThreadPoolExecutor.runWorker(ThreadPoolExecutor.java:973)
	at org.apache.tomcat.util.threads.ThreadPoolExecutor$Worker.run(ThreadPoolExecutor.java:491)
	at org.apache.tomcat.util.threads.TaskThread$WrappingRunnable.run(TaskThread.java:63)
	at java.base/java.lang.Thread.run(Thread.java:842)
'2026-05-29 21:38:57 {http-nio-8097-exec-5} ERROR o.a.c.c.C.[.[.[.[dispatcherServlet] - Servlet.service() for servlet [dispatcherServlet] in context with path [] threw exception [Request processing failed: feign.codec.DecodeException: Error while extracting response for type [java.util.Map<java.lang.String, java.lang.Object>] and content type [application/json]] with root cause
'com.fasterxml.jackson.databind.exc.MismatchedInputException: Cannot deserialize value of type `java.util.LinkedHashMap<java.lang.String,java.lang.Object>` from Array value (token `JsonToken.START_ARRAY`)
 at [Source: REDACTED (`StreamReadFeature.INCLUDE_SOURCE_IN_LOCATION` disabled); line: 1, column: 1]
	at com.fasterxml.jackson.databind.exc.MismatchedInputException.from(MismatchedInputException.java:72)
	at com.fasterxml.jackson.databind.DeserializationContext.reportInputMismatch(DeserializationContext.java:1814)
	at com.fasterxml.jackson.databind.DeserializationContext.handleUnexpectedToken(DeserializationContext.java:1588)
	at com.fasterxml.jackson.databind.deser.std.StdDeserializer._deserializeFromArray(StdDeserializer.java:221)
	at com.fasterxml.jackson.databind.deser.std.MapDeserializer.deserialize(MapDeserializer.java:458)
	at com.fasterxml.jackson.databind.deser.std.MapDeserializer.deserialize(MapDeserializer.java:31)
	at com.fasterxml.jackson.databind.deser.DefaultDeserializationContext.readRootValue(DefaultDeserializationContext.java:342)
	at com.fasterxml.jackson.databind.ObjectReader._bindAndClose(ObjectReader.java:2148)
	at com.fasterxml.jackson.databind.ObjectReader.readValue(ObjectReader.java:1504)
	at org.springframework.http.converter.json.AbstractJackson2HttpMessageConverter.readJavaType(AbstractJackson2HttpMessageConverter.java:397)
	at org.springframework.http.converter.json.AbstractJackson2HttpMessageConverter.read(AbstractJackson2HttpMessageConverter.java:356)
	at org.springframework.web.client.HttpMessageConverterExtractor.extractData(HttpMessageConverterExtractor.java:105)
	at org.springframework.cloud.openfeign.support.SpringDecoder.decode(SpringDecoder.java:71)
	at org.springframework.cloud.openfeign.support.ResponseEntityDecoder.decode(ResponseEntityDecoder.java:62)
	at feign.optionals.OptionalDecoder.decode(OptionalDecoder.java:38)
	at feign.InvocationContext.decode(InvocationContext.java:121)
	at feign.InvocationContext.proceed(InvocationContext.java:94)
	at feign.ResponseHandler.handleResponse(ResponseHandler.java:69)
	at feign.SynchronousMethodHandler.executeAndDecode(SynchronousMethodHandler.java:109)
	at feign.SynchronousMethodHandler.invoke(SynchronousMethodHandler.java:53)
	at feign.ReflectiveFeign$FeignInvocationHandler.invoke(ReflectiveFeign.java:104)
	at jdk.proxy2/jdk.proxy2.$Proxy154.buscarPorEmail(Unknown Source)
	at com.umg.microservicios.citas_service.service.CitaService.resolverPacienteId(CitaService.java:44)
	at com.umg.microservicios.citas_service.service.CitaService.obtenerHistorialPaciente(CitaService.java:175)
	at java.base/jdk.internal.reflect.NativeMethodAccessorImpl.invoke0(Native Method)
	at java.base/jdk.internal.reflect.NativeMethodAccessorImpl.invoke(NativeMethodAccessorImpl.java:77)
	at java.base/jdk.internal.reflect.DelegatingMethodAccessorImpl.invoke(DelegatingMethodAccessorImpl.java:43)
	at java.base/java.lang.reflect.Method.invoke(Method.java:568)
	at org.springframework.aop.support.AopUtils.invokeJoinpointUsingReflection(AopUtils.java:360)
	at org.springframework.aop.framework.CglibAopProxy$DynamicAdvisedInterceptor.intercept(CglibAopProxy.java:724)
	at com.umg.microservicios.citas_service.service.CitaService$$SpringCGLIB$$0.obtenerHistorialPaciente(<generated>)
	at com.umg.microservicios.citas_service.controller.CitaController.getMisCitas(CitaController.java:28)
	at java.base/jdk.internal.reflect.NativeMethodAccessorImpl.invoke0(Native Method)
	at java.base/jdk.internal.reflect.NativeMethodAccessorImpl.invoke(NativeMethodAccessorImpl.java:77)
	at java.base/jdk.internal.reflect.DelegatingMethodAccessorImpl.invoke(DelegatingMethodAccessorImpl.java:43)
	at java.base/java.lang.reflect.Method.invoke(Method.java:568)
	at org.springframework.web.method.support.InvocableHandlerMethod.doInvoke(InvocableHandlerMethod.java:258)
	at org.springframework.web.method.support.InvocableHandlerMethod.invokeForRequest(InvocableHandlerMethod.java:191)
	at org.springframework.web.servlet.mvc.method.annotation.ServletInvocableHandlerMethod.invokeAndHandle(ServletInvocableHandlerMethod.java:118)
	at org.springframework.web.servlet.mvc.method.annotation.RequestMappingHandlerAdapter.invokeHandlerMethod(RequestMappingHandlerAdapter.java:991)
	at org.springframework.web.servlet.mvc.method.annotation.RequestMappingHandlerAdapter.handleInternal(RequestMappingHandlerAdapter.java:896)
	at org.springframework.web.servlet.mvc.method.AbstractHandlerMethodAdapter.handle(AbstractHandlerMethodAdapter.java:87)
	at org.springframework.web.servlet.DispatcherServlet.doDispatch(DispatcherServlet.java:1089)
	at org.springframework.web.servlet.DispatcherServlet.doService(DispatcherServlet.java:979)
	at org.springframework.web.servlet.FrameworkServlet.processRequest(FrameworkServlet.java:1014)
	at org.springframework.web.servlet.FrameworkServlet.doGet(FrameworkServlet.java:903)
	at jakarta.servlet.http.HttpServlet.service(HttpServlet.java:564)
	at org.springframework.web.servlet.FrameworkServlet.service(FrameworkServlet.java:885)
	at jakarta.servlet.http.HttpServlet.service(HttpServlet.java:658)
	at org.apache.catalina.core.ApplicationFilterChain.internalDoFilter(ApplicationFilterChain.java:193)
	at org.apache.catalina.core.ApplicationFilterChain.doFilter(ApplicationFilterChain.java:138)
	at org.apache.tomcat.websocket.server.WsFilter.doFilter(WsFilter.java:51)
	at org.apache.catalina.core.ApplicationFilterChain.internalDoFilter(ApplicationFilterChain.java:162)
	at org.apache.catalina.core.ApplicationFilterChain.doFilter(ApplicationFilterChain.java:138)
	at org.springframework.web.filter.CorsFilter.doFilterInternal(CorsFilter.java:91)
	at org.springframework.web.filter.OncePerRequestFilter.doFilter(OncePerRequestFilter.java:116)
	at org.apache.catalina.core.ApplicationFilterChain.internalDoFilter(ApplicationFilterChain.java:162)
	at org.apache.catalina.core.ApplicationFilterChain.doFilter(ApplicationFilterChain.java:138)
	at org.springframework.web.filter.RequestContextFilter.doFilterInternal(RequestContextFilter.java:100)
	at org.springframework.web.filter.OncePerRequestFilter.doFilter(OncePerRequestFilter.java:116)
	at org.apache.catalina.core.ApplicationFilterChain.internalDoFilter(ApplicationFilterChain.java:162)
	at org.apache.catalina.core.ApplicationFilterChain.doFilter(ApplicationFilterChain.java:138)
	at org.springframework.web.filter.FormContentFilter.doFilterInternal(FormContentFilter.java:93)
	at org.springframework.web.filter.OncePerRequestFilter.doFilter(OncePerRequestFilter.java:116)
	at org.apache.catalina.core.ApplicationFilterChain.internalDoFilter(ApplicationFilterChain.java:162)
	at org.apache.catalina.core.ApplicationFilterChain.doFilter(ApplicationFilterChain.java:138)
	at org.springframework.web.filter.CharacterEncodingFilter.doFilterInternal(CharacterEncodingFilter.java:201)
	at org.springframework.web.filter.OncePerRequestFilter.doFilter(OncePerRequestFilter.java:116)
	at org.apache.catalina.core.ApplicationFilterChain.internalDoFilter(ApplicationFilterChain.java:162)
	at org.apache.catalina.core.ApplicationFilterChain.doFilter(ApplicationFilterChain.java:138)
	at org.apache.catalina.core.StandardWrapperValve.invoke(StandardWrapperValve.java:165)
	at org.apache.catalina.core.StandardContextValve.invoke(StandardContextValve.java:88)
	at org.apache.catalina.authenticator.AuthenticatorBase.invoke(AuthenticatorBase.java:492)
	at org.apache.catalina.core.StandardHostValve.invoke(StandardHostValve.java:113)
	at org.apache.catalina.valves.ErrorReportValve.invoke(ErrorReportValve.java:83)
	at org.apache.catalina.core.StandardEngineValve.invoke(StandardEngineValve.java:72)
	at org.apache.catalina.connector.CoyoteAdapter.service(CoyoteAdapter.java:342)
	at org.apache.coyote.http11.Http11Processor.service(Http11Processor.java:399)
	at org.apache.coyote.AbstractProcessorLight.process(AbstractProcessorLight.java:63)
	at org.apache.coyote.AbstractProtocol$ConnectionHandler.process(AbstractProtocol.java:903)
	at org.apache.tomcat.util.net.NioEndpoint$SocketProcessor.doRun(NioEndpoint.java:1797)
	at org.apache.tomcat.util.net.SocketProcessorBase.run(SocketProcessorBase.java:52)
	at org.apache.tomcat.util.threads.ThreadPoolExecutor.runWorker(ThreadPoolExecutor.java:973)
	at org.apache.tomcat.util.threads.ThreadPoolExecutor$Worker.run(ThreadPoolExecutor.java:491)
	at org.apache.tomcat.util.threads.TaskThread$WrappingRunnable.run(TaskThread.java:63)
	at java.base/java.lang.Thread.run(Thread.java:842)
'2026-05-29 21:39:13 {http-nio-8097-exec-8} ERROR o.a.c.c.C.[.[.[.[dispatcherServlet] - Servlet.service() for servlet [dispatcherServlet] in context with path [] threw exception [Request processing failed: feign.codec.DecodeException: Error while extracting response for type [java.util.Map<java.lang.String, java.lang.Object>] and content type [application/json]] with root cause
'com.fasterxml.jackson.databind.exc.MismatchedInputException: Cannot deserialize value of type `java.util.LinkedHashMap<java.lang.String,java.lang.Object>` from Array value (token `JsonToken.START_ARRAY`)
 at [Source: REDACTED (`StreamReadFeature.INCLUDE_SOURCE_IN_LOCATION` disabled); line: 1, column: 1]
	at com.fasterxml.jackson.databind.exc.MismatchedInputException.from(MismatchedInputException.java:72)
	at com.fasterxml.jackson.databind.DeserializationContext.reportInputMismatch(DeserializationContext.java:1814)
	at com.fasterxml.jackson.databind.DeserializationContext.handleUnexpectedToken(DeserializationContext.java:1588)
	at com.fasterxml.jackson.databind.deser.std.StdDeserializer._deserializeFromArray(StdDeserializer.java:221)
	at com.fasterxml.jackson.databind.deser.std.MapDeserializer.deserialize(MapDeserializer.java:458)
	at com.fasterxml.jackson.databind.deser.std.MapDeserializer.deserialize(MapDeserializer.java:31)
	at com.fasterxml.jackson.databind.deser.DefaultDeserializationContext.readRootValue(DefaultDeserializationContext.java:342)
	at com.fasterxml.jackson.databind.ObjectReader._bindAndClose(ObjectReader.java:2148)
	at com.fasterxml.jackson.databind.ObjectReader.readValue(ObjectReader.java:1504)
	at org.springframework.http.converter.json.AbstractJackson2HttpMessageConverter.readJavaType(AbstractJackson2HttpMessageConverter.java:397)
	at org.springframework.http.converter.json.AbstractJackson2HttpMessageConverter.read(AbstractJackson2HttpMessageConverter.java:356)
	at org.springframework.web.client.HttpMessageConverterExtractor.extractData(HttpMessageConverterExtractor.java:105)
	at org.springframework.cloud.openfeign.support.SpringDecoder.decode(SpringDecoder.java:71)
	at org.springframework.cloud.openfeign.support.ResponseEntityDecoder.decode(ResponseEntityDecoder.java:62)
	at feign.optionals.OptionalDecoder.decode(OptionalDecoder.java:38)
	at feign.InvocationContext.decode(InvocationContext.java:121)
	at feign.InvocationContext.proceed(InvocationContext.java:94)
	at feign.ResponseHandler.handleResponse(ResponseHandler.java:69)
	at feign.SynchronousMethodHandler.executeAndDecode(SynchronousMethodHandler.java:109)
	at feign.SynchronousMethodHandler.invoke(SynchronousMethodHandler.java:53)
	at feign.ReflectiveFeign$FeignInvocationHandler.invoke(ReflectiveFeign.java:104)
	at jdk.proxy2/jdk.proxy2.$Proxy154.buscarPorEmail(Unknown Source)
	at com.umg.microservicios.citas_service.service.CitaService.resolverPacienteId(CitaService.java:44)
	at com.umg.microservicios.citas_service.service.CitaService.obtenerHistorialPaciente(CitaService.java:175)
	at java.base/jdk.internal.reflect.NativeMethodAccessorImpl.invoke0(Native Method)
	at java.base/jdk.internal.reflect.NativeMethodAccessorImpl.invoke(NativeMethodAccessorImpl.java:77)
	at java.base/jdk.internal.reflect.DelegatingMethodAccessorImpl.invoke(DelegatingMethodAccessorImpl.java:43)
	at java.base/java.lang.reflect.Method.invoke(Method.java:568)
	at org.springframework.aop.support.AopUtils.invokeJoinpointUsingReflection(AopUtils.java:360)
	at org.springframework.aop.framework.CglibAopProxy$DynamicAdvisedInterceptor.intercept(CglibAopProxy.java:724)
	at com.umg.microservicios.citas_service.service.CitaService$$SpringCGLIB$$0.obtenerHistorialPaciente(<generated>)
	at com.umg.microservicios.citas_service.controller.CitaController.getMisCitas(CitaController.java:28)
	at java.base/jdk.internal.reflect.NativeMethodAccessorImpl.invoke0(Native Method)
	at java.base/jdk.internal.reflect.NativeMethodAccessorImpl.invoke(NativeMethodAccessorImpl.java:77)
	at java.base/jdk.internal.reflect.DelegatingMethodAccessorImpl.invoke(DelegatingMethodAccessorImpl.java:43)
	at java.base/java.lang.reflect.Method.invoke(Method.java:568)
	at org.springframework.web.method.support.InvocableHandlerMethod.doInvoke(InvocableHandlerMethod.java:258)
	at org.springframework.web.method.support.InvocableHandlerMethod.invokeForRequest(InvocableHandlerMethod.java:191)
	at org.springframework.web.servlet.mvc.method.annotation.ServletInvocableHandlerMethod.invokeAndHandle(ServletInvocableHandlerMethod.java:118)
	at org.springframework.web.servlet.mvc.method.annotation.RequestMappingHandlerAdapter.invokeHandlerMethod(RequestMappingHandlerAdapter.java:991)
	at org.springframework.web.servlet.mvc.method.annotation.RequestMappingHandlerAdapter.handleInternal(RequestMappingHandlerAdapter.java:896)
	at org.springframework.web.servlet.mvc.method.AbstractHandlerMethodAdapter.handle(AbstractHandlerMethodAdapter.java:87)
	at org.springframework.web.servlet.DispatcherServlet.doDispatch(DispatcherServlet.java:1089)
	at org.springframework.web.servlet.DispatcherServlet.doService(DispatcherServlet.java:979)
	at org.springframework.web.servlet.FrameworkServlet.processRequest(FrameworkServlet.java:1014)
	at org.springframework.web.servlet.FrameworkServlet.doGet(FrameworkServlet.java:903)
	at jakarta.servlet.http.HttpServlet.service(HttpServlet.java:564)
	at org.springframework.web.servlet.FrameworkServlet.service(FrameworkServlet.java:885)
	at jakarta.servlet.http.HttpServlet.service(HttpServlet.java:658)
	at org.apache.catalina.core.ApplicationFilterChain.internalDoFilter(ApplicationFilterChain.java:193)
	at org.apache.catalina.core.ApplicationFilterChain.doFilter(ApplicationFilterChain.java:138)
	at org.apache.tomcat.websocket.server.WsFilter.doFilter(WsFilter.java:51)
	at org.apache.catalina.core.ApplicationFilterChain.internalDoFilter(ApplicationFilterChain.java:162)
	at org.apache.catalina.core.ApplicationFilterChain.doFilter(ApplicationFilterChain.java:138)
	at org.springframework.web.filter.CorsFilter.doFilterInternal(CorsFilter.java:91)
	at org.springframework.web.filter.OncePerRequestFilter.doFilter(OncePerRequestFilter.java:116)
	at org.apache.catalina.core.ApplicationFilterChain.internalDoFilter(ApplicationFilterChain.java:162)
	at org.apache.catalina.core.ApplicationFilterChain.doFilter(ApplicationFilterChain.java:138)
	at org.springframework.web.filter.RequestContextFilter.doFilterInternal(RequestContextFilter.java:100)
	at org.springframework.web.filter.OncePerRequestFilter.doFilter(OncePerRequestFilter.java:116)
	at org.apache.catalina.core.ApplicationFilterChain.internalDoFilter(ApplicationFilterChain.java:162)
	at org.apache.catalina.core.ApplicationFilterChain.doFilter(ApplicationFilterChain.java:138)
	at org.springframework.web.filter.FormContentFilter.doFilterInternal(FormContentFilter.java:93)
	at org.springframework.web.filter.OncePerRequestFilter.doFilter(OncePerRequestFilter.java:116)
	at org.apache.catalina.core.ApplicationFilterChain.internalDoFilter(ApplicationFilterChain.java:162)
	at org.apache.catalina.core.ApplicationFilterChain.doFilter(ApplicationFilterChain.java:138)
	at org.springframework.web.filter.CharacterEncodingFilter.doFilterInternal(CharacterEncodingFilter.java:201)
	at org.springframework.web.filter.OncePerRequestFilter.doFilter(OncePerRequestFilter.java:116)
	at org.apache.catalina.core.ApplicationFilterChain.internalDoFilter(ApplicationFilterChain.java:162)
	at org.apache.catalina.core.ApplicationFilterChain.doFilter(ApplicationFilterChain.java:138)
	at org.apache.catalina.core.StandardWrapperValve.invoke(StandardWrapperValve.java:165)
	at org.apache.catalina.core.StandardContextValve.invoke(StandardContextValve.java:88)
	at org.apache.catalina.authenticator.AuthenticatorBase.invoke(AuthenticatorBase.java:492)
	at org.apache.catalina.core.StandardHostValve.invoke(StandardHostValve.java:113)
	at org.apache.catalina.valves.ErrorReportValve.invoke(ErrorReportValve.java:83)
	at org.apache.catalina.core.StandardEngineValve.invoke(StandardEngineValve.java:72)
	at org.apache.catalina.connector.CoyoteAdapter.service(CoyoteAdapter.java:342)
	at org.apache.coyote.http11.Http11Processor.service(Http11Processor.java:399)
	at org.apache.coyote.AbstractProcessorLight.process(AbstractProcessorLight.java:63)
	at org.apache.coyote.AbstractProtocol$ConnectionHandler.process(AbstractProtocol.java:903)
	at org.apache.tomcat.util.net.NioEndpoint$SocketProcessor.doRun(NioEndpoint.java:1797)
	at org.apache.tomcat.util.net.SocketProcessorBase.run(SocketProcessorBase.java:52)
	at org.apache.tomcat.util.threads.ThreadPoolExecutor.runWorker(ThreadPoolExecutor.java:973)
	at org.apache.tomcat.util.threads.ThreadPoolExecutor$Worker.run(ThreadPoolExecutor.java:491)
	at org.apache.tomcat.util.threads.TaskThread$WrappingRunnable.run(TaskThread.java:63)
	at java.base/java.lang.Thread.run(Thread.java:842)
'2026-05-29 21:39:55 {http-nio-8097-exec-9} ERROR o.a.c.c.C.[.[.[.[dispatcherServlet] - Servlet.service() for servlet [dispatcherServlet] in context with path [] threw exception [Request processing failed: feign.codec.DecodeException: Error while extracting response for type [java.util.Map<java.lang.String, java.lang.Object>] and content type [application/json]] with root cause
'com.fasterxml.jackson.databind.exc.MismatchedInputException: Cannot deserialize value of type `java.util.LinkedHashMap<java.lang.String,java.lang.Object>` from Array value (token `JsonToken.START_ARRAY`)
 at [Source: REDACTED (`StreamReadFeature.INCLUDE_SOURCE_IN_LOCATION` disabled); line: 1, column: 1]
	at com.fasterxml.jackson.databind.exc.MismatchedInputException.from(MismatchedInputException.java:72)
	at com.fasterxml.jackson.databind.DeserializationContext.reportInputMismatch(DeserializationContext.java:1814)
	at com.fasterxml.jackson.databind.DeserializationContext.handleUnexpectedToken(DeserializationContext.java:1588)
	at com.fasterxml.jackson.databind.deser.std.StdDeserializer._deserializeFromArray(StdDeserializer.java:221)
	at com.fasterxml.jackson.databind.deser.std.MapDeserializer.deserialize(MapDeserializer.java:458)
	at com.fasterxml.jackson.databind.deser.std.MapDeserializer.deserialize(MapDeserializer.java:31)
	at com.fasterxml.jackson.databind.deser.DefaultDeserializationContext.readRootValue(DefaultDeserializationContext.java:342)
	at com.fasterxml.jackson.databind.ObjectReader._bindAndClose(ObjectReader.java:2148)
	at com.fasterxml.jackson.databind.ObjectReader.readValue(ObjectReader.java:1504)
	at org.springframework.http.converter.json.AbstractJackson2HttpMessageConverter.readJavaType(AbstractJackson2HttpMessageConverter.java:397)
	at org.springframework.http.converter.json.AbstractJackson2HttpMessageConverter.read(AbstractJackson2HttpMessageConverter.java:356)
	at org.springframework.web.client.HttpMessageConverterExtractor.extractData(HttpMessageConverterExtractor.java:105)
	at org.springframework.cloud.openfeign.support.SpringDecoder.decode(SpringDecoder.java:71)
	at org.springframework.cloud.openfeign.support.ResponseEntityDecoder.decode(ResponseEntityDecoder.java:62)
	at feign.optionals.OptionalDecoder.decode(OptionalDecoder.java:38)
	at feign.InvocationContext.decode(InvocationContext.java:121)
	at feign.InvocationContext.proceed(InvocationContext.java:94)
	at feign.ResponseHandler.handleResponse(ResponseHandler.java:69)
	at feign.SynchronousMethodHandler.executeAndDecode(SynchronousMethodHandler.java:109)
	at feign.SynchronousMethodHandler.invoke(SynchronousMethodHandler.java:53)
	at feign.ReflectiveFeign$FeignInvocationHandler.invoke(ReflectiveFeign.java:104)
	at jdk.proxy2/jdk.proxy2.$Proxy154.buscarPorEmail(Unknown Source)
	at com.umg.microservicios.citas_service.service.CitaService.resolverPacienteId(CitaService.java:44)
	at com.umg.microservicios.citas_service.service.CitaService.solicitarCita(CitaService.java:60)
	at java.base/jdk.internal.reflect.NativeMethodAccessorImpl.invoke0(Native Method)
	at java.base/jdk.internal.reflect.NativeMethodAccessorImpl.invoke(NativeMethodAccessorImpl.java:77)
	at java.base/jdk.internal.reflect.DelegatingMethodAccessorImpl.invoke(DelegatingMethodAccessorImpl.java:43)
	at java.base/java.lang.reflect.Method.invoke(Method.java:568)
	at org.springframework.aop.support.AopUtils.invokeJoinpointUsingReflection(AopUtils.java:360)
	at org.springframework.aop.framework.ReflectiveMethodInvocation.invokeJoinpoint(ReflectiveMethodInvocation.java:196)
	at org.springframework.aop.framework.ReflectiveMethodInvocation.proceed(ReflectiveMethodInvocation.java:163)
	at org.springframework.transaction.interceptor.TransactionAspectSupport.invokeWithinTransaction(TransactionAspectSupport.java:380)
	at org.springframework.transaction.interceptor.TransactionInterceptor.invoke(TransactionInterceptor.java:119)
	at org.springframework.aop.framework.ReflectiveMethodInvocation.proceed(ReflectiveMethodInvocation.java:184)
	at org.springframework.aop.framework.CglibAopProxy$DynamicAdvisedInterceptor.intercept(CglibAopProxy.java:728)
	at com.umg.microservicios.citas_service.service.CitaService$$SpringCGLIB$$0.solicitarCita(<generated>)
	at com.umg.microservicios.citas_service.controller.CitaController.solicitarCita(CitaController.java:36)
	at java.base/jdk.internal.reflect.NativeMethodAccessorImpl.invoke0(Native Method)
	at java.base/jdk.internal.reflect.NativeMethodAccessorImpl.invoke(NativeMethodAccessorImpl.java:77)
	at java.base/jdk.internal.reflect.DelegatingMethodAccessorImpl.invoke(DelegatingMethodAccessorImpl.java:43)
	at java.base/java.lang.reflect.Method.invoke(Method.java:568)
	at org.springframework.web.method.support.InvocableHandlerMethod.doInvoke(InvocableHandlerMethod.java:258)
	at org.springframework.web.method.support.InvocableHandlerMethod.invokeForRequest(InvocableHandlerMethod.java:191)
	at org.springframework.web.servlet.mvc.method.annotation.ServletInvocableHandlerMethod.invokeAndHandle(ServletInvocableHandlerMethod.java:118)
	at org.springframework.web.servlet.mvc.method.annotation.RequestMappingHandlerAdapter.invokeHandlerMethod(RequestMappingHandlerAdapter.java:991)
	at org.springframework.web.servlet.mvc.method.annotation.RequestMappingHandlerAdapter.handleInternal(RequestMappingHandlerAdapter.java:896)
	at org.springframework.web.servlet.mvc.method.AbstractHandlerMethodAdapter.handle(AbstractHandlerMethodAdapter.java:87)
	at org.springframework.web.servlet.DispatcherServlet.doDispatch(DispatcherServlet.java:1089)
	at org.springframework.web.servlet.DispatcherServlet.doService(DispatcherServlet.java:979)
	at org.springframework.web.servlet.FrameworkServlet.processRequest(FrameworkServlet.java:1014)
	at org.springframework.web.servlet.FrameworkServlet.doPost(FrameworkServlet.java:914)
	at jakarta.servlet.http.HttpServlet.service(HttpServlet.java:590)
	at org.springframework.web.servlet.FrameworkServlet.service(FrameworkServlet.java:885)
	at jakarta.servlet.http.HttpServlet.service(HttpServlet.java:658)
	at org.apache.catalina.core.ApplicationFilterChain.internalDoFilter(ApplicationFilterChain.java:193)
	at org.apache.catalina.core.ApplicationFilterChain.doFilter(ApplicationFilterChain.java:138)
	at org.apache.tomcat.websocket.server.WsFilter.doFilter(WsFilter.java:51)
	at org.apache.catalina.core.ApplicationFilterChain.internalDoFilter(ApplicationFilterChain.java:162)
	at org.apache.catalina.core.ApplicationFilterChain.doFilter(ApplicationFilterChain.java:138)
	at org.springframework.web.filter.CorsFilter.doFilterInternal(CorsFilter.java:91)
	at org.springframework.web.filter.OncePerRequestFilter.doFilter(OncePerRequestFilter.java:116)
	at org.apache.catalina.core.ApplicationFilterChain.internalDoFilter(ApplicationFilterChain.java:162)
	at org.apache.catalina.core.ApplicationFilterChain.doFilter(ApplicationFilterChain.java:138)
	at org.springframework.web.filter.RequestContextFilter.doFilterInternal(RequestContextFilter.java:100)
	at org.springframework.web.filter.OncePerRequestFilter.doFilter(OncePerRequestFilter.java:116)
	at org.apache.catalina.core.ApplicationFilterChain.internalDoFilter(ApplicationFilterChain.java:162)
	at org.apache.catalina.core.ApplicationFilterChain.doFilter(ApplicationFilterChain.java:138)
	at org.springframework.web.filter.FormContentFilter.doFilterInternal(FormContentFilter.java:93)
	at org.springframework.web.filter.OncePerRequestFilter.doFilter(OncePerRequestFilter.java:116)
	at org.apache.catalina.core.ApplicationFilterChain.internalDoFilter(ApplicationFilterChain.java:162)
	at org.apache.catalina.core.ApplicationFilterChain.doFilter(ApplicationFilterChain.java:138)
	at org.springframework.web.filter.CharacterEncodingFilter.doFilterInternal(CharacterEncodingFilter.java:201)
	at org.springframework.web.filter.OncePerRequestFilter.doFilter(OncePerRequestFilter.java:116)
	at org.apache.catalina.core.ApplicationFilterChain.internalDoFilter(ApplicationFilterChain.java:162)
	at org.apache.catalina.core.ApplicationFilterChain.doFilter(ApplicationFilterChain.java:138)
	at org.apache.catalina.core.StandardWrapperValve.invoke(StandardWrapperValve.java:165)
	at org.apache.catalina.core.StandardContextValve.invoke(StandardContextValve.java:88)
	at org.apache.catalina.authenticator.AuthenticatorBase.invoke(AuthenticatorBase.java:492)
	at org.apache.catalina.core.StandardHostValve.invoke(StandardHostValve.java:113)
	at org.apache.catalina.valves.ErrorReportValve.invoke(ErrorReportValve.java:83)
	at org.apache.catalina.core.StandardEngineValve.invoke(StandardEngineValve.java:72)
	at org.apache.catalina.connector.CoyoteAdapter.service(CoyoteAdapter.java:342)
	at org.apache.coyote.http11.Http11Processor.service(Http11Processor.java:399)
	at org.apache.coyote.AbstractProcessorLight.process(AbstractProcessorLight.java:63)
	at org.apache.coyote.AbstractProtocol$ConnectionHandler.process(AbstractProtocol.java:903)
	at org.apache.tomcat.util.net.NioEndpoint$SocketProcessor.doRun(NioEndpoint.java:1797)
	at org.apache.tomcat.util.net.SocketProcessorBase.run(SocketProcessorBase.java:52)
	at org.apache.tomcat.util.threads.ThreadPoolExecutor.runWorker(ThreadPoolExecutor.java:973)
	at org.apache.tomcat.util.threads.ThreadPoolExecutor$Worker.run(ThreadPoolExecutor.java:491)
	at org.apache.tomcat.util.threads.TaskThread$WrappingRunnable.run(TaskThread.java:63)
	at java.base/java.lang.Thread.run(Thread.java:842)
'2026-05-29 21:39:58 {AsyncResolver-bootstrap-executor-%d} INFO  c.n.d.s.r.aws.ConfigClusterResolver - Resolving eureka endpoints via configuration
''2026-05-29 21:41:24 {http-nio-8097-exec-3} ERROR o.a.c.c.C.[.[.[.[dispatcherServlet] - Servlet.service() for servlet [dispatcherServlet] in context with path [] threw exception [Request processing failed: feign.codec.DecodeException: Error while extracting response for type [java.util.Map<java.lang.String, java.lang.Object>] and content type [application/json]] with root cause
'com.fasterxml.jackson.databind.exc.MismatchedInputException: Cannot deserialize value of type `java.util.LinkedHashMap<java.lang.String,java.lang.Object>` from Array value (token `JsonToken.START_ARRAY`)
 at [Source: REDACTED (`StreamReadFeature.INCLUDE_SOURCE_IN_LOCATION` disabled); line: 1, column: 1]
	at com.fasterxml.jackson.databind.exc.MismatchedInputException.from(MismatchedInputException.java:72)
	at com.fasterxml.jackson.databind.DeserializationContext.reportInputMismatch(DeserializationContext.java:1814)
	at com.fasterxml.jackson.databind.DeserializationContext.handleUnexpectedToken(DeserializationContext.java:1588)
	at com.fasterxml.jackson.databind.deser.std.StdDeserializer._deserializeFromArray(StdDeserializer.java:221)
	at com.fasterxml.jackson.databind.deser.std.MapDeserializer.deserialize(MapDeserializer.java:458)
	at com.fasterxml.jackson.databind.deser.std.MapDeserializer.deserialize(MapDeserializer.java:31)
	at com.fasterxml.jackson.databind.deser.DefaultDeserializationContext.readRootValue(DefaultDeserializationContext.java:342)
	at com.fasterxml.jackson.databind.ObjectReader._bindAndClose(ObjectReader.java:2148)
	at com.fasterxml.jackson.databind.ObjectReader.readValue(ObjectReader.java:1504)
	at org.springframework.http.converter.json.AbstractJackson2HttpMessageConverter.readJavaType(AbstractJackson2HttpMessageConverter.java:397)
	at org.springframework.http.converter.json.AbstractJackson2HttpMessageConverter.read(AbstractJackson2HttpMessageConverter.java:356)
	at org.springframework.web.client.HttpMessageConverterExtractor.extractData(HttpMessageConverterExtractor.java:105)
	at org.springframework.cloud.openfeign.support.SpringDecoder.decode(SpringDecoder.java:71)
	at org.springframework.cloud.openfeign.support.ResponseEntityDecoder.decode(ResponseEntityDecoder.java:62)
	at feign.optionals.OptionalDecoder.decode(OptionalDecoder.java:38)
	at feign.InvocationContext.decode(InvocationContext.java:121)
	at feign.InvocationContext.proceed(InvocationContext.java:94)
	at feign.ResponseHandler.handleResponse(ResponseHandler.java:69)
	at feign.SynchronousMethodHandler.executeAndDecode(SynchronousMethodHandler.java:109)
	at feign.SynchronousMethodHandler.invoke(SynchronousMethodHandler.java:53)
	at feign.ReflectiveFeign$FeignInvocationHandler.invoke(ReflectiveFeign.java:104)
	at jdk.proxy2/jdk.proxy2.$Proxy154.buscarPorEmail(Unknown Source)
	at com.umg.microservicios.citas_service.service.CitaService.resolverPacienteId(CitaService.java:44)
	at com.umg.microservicios.citas_service.service.CitaService.solicitarCita(CitaService.java:60)
	at java.base/jdk.internal.reflect.NativeMethodAccessorImpl.invoke0(Native Method)
	at java.base/jdk.internal.reflect.NativeMethodAccessorImpl.invoke(NativeMethodAccessorImpl.java:77)
	at java.base/jdk.internal.reflect.DelegatingMethodAccessorImpl.invoke(DelegatingMethodAccessorImpl.java:43)
	at java.base/java.lang.reflect.Method.invoke(Method.java:568)
	at org.springframework.aop.support.AopUtils.invokeJoinpointUsingReflection(AopUtils.java:360)
	at org.springframework.aop.framework.ReflectiveMethodInvocation.invokeJoinpoint(ReflectiveMethodInvocation.java:196)
	at org.springframework.aop.framework.ReflectiveMethodInvocation.proceed(ReflectiveMethodInvocation.java:163)
	at org.springframework.transaction.interceptor.TransactionAspectSupport.invokeWithinTransaction(TransactionAspectSupport.java:380)
	at org.springframework.transaction.interceptor.TransactionInterceptor.invoke(TransactionInterceptor.java:119)
	at org.springframework.aop.framework.ReflectiveMethodInvocation.proceed(ReflectiveMethodInvocation.java:184)
	at org.springframework.aop.framework.CglibAopProxy$DynamicAdvisedInterceptor.intercept(CglibAopProxy.java:728)
	at com.umg.microservicios.citas_service.service.CitaService$$SpringCGLIB$$0.solicitarCita(<generated>)
	at com.umg.microservicios.citas_service.controller.CitaController.solicitarCita(CitaController.java:36)
	at java.base/jdk.internal.reflect.NativeMethodAccessorImpl.invoke0(Native Method)
	at java.base/jdk.internal.reflect.NativeMethodAccessorImpl.invoke(NativeMethodAccessorImpl.java:77)
	at java.base/jdk.internal.reflect.DelegatingMethodAccessorImpl.invoke(DelegatingMethodAccessorImpl.java:43)
	at java.base/java.lang.reflect.Method.invoke(Method.java:568)
	at org.springframework.web.method.support.InvocableHandlerMethod.doInvoke(InvocableHandlerMethod.java:258)
	at org.springframework.web.method.support.InvocableHandlerMethod.invokeForRequest(InvocableHandlerMethod.java:191)
	at org.springframework.web.servlet.mvc.method.annotation.ServletInvocableHandlerMethod.invokeAndHandle(ServletInvocableHandlerMethod.java:118)
	at org.springframework.web.servlet.mvc.method.annotation.RequestMappingHandlerAdapter.invokeHandlerMethod(RequestMappingHandlerAdapter.java:991)
	at org.springframework.web.servlet.mvc.method.annotation.RequestMappingHandlerAdapter.handleInternal(RequestMappingHandlerAdapter.java:896)
	at org.springframework.web.servlet.mvc.method.AbstractHandlerMethodAdapter.handle(AbstractHandlerMethodAdapter.java:87)
	at org.springframework.web.servlet.DispatcherServlet.doDispatch(DispatcherServlet.java:1089)
	at org.springframework.web.servlet.DispatcherServlet.doService(DispatcherServlet.java:979)
	at org.springframework.web.servlet.FrameworkServlet.processRequest(FrameworkServlet.java:1014)
	at org.springframework.web.servlet.FrameworkServlet.doPost(FrameworkServlet.java:914)
	at jakarta.servlet.http.HttpServlet.service(HttpServlet.java:590)
	at org.springframework.web.servlet.FrameworkServlet.service(FrameworkServlet.java:885)
	at jakarta.servlet.http.HttpServlet.service(HttpServlet.java:658)
	at org.apache.catalina.core.ApplicationFilterChain.internalDoFilter(ApplicationFilterChain.java:193)
	at org.apache.catalina.core.ApplicationFilterChain.doFilter(ApplicationFilterChain.java:138)
	at org.apache.tomcat.websocket.server.WsFilter.doFilter(WsFilter.java:51)
	at org.apache.catalina.core.ApplicationFilterChain.internalDoFilter(ApplicationFilterChain.java:162)
	at org.apache.catalina.core.ApplicationFilterChain.doFilter(ApplicationFilterChain.java:138)
	at org.springframework.web.filter.CorsFilter.doFilterInternal(CorsFilter.java:91)
	at org.springframework.web.filter.OncePerRequestFilter.doFilter(OncePerRequestFilter.java:116)
	at org.apache.catalina.core.ApplicationFilterChain.internalDoFilter(ApplicationFilterChain.java:162)
	at org.apache.catalina.core.ApplicationFilterChain.doFilter(ApplicationFilterChain.java:138)
	at org.springframework.web.filter.RequestContextFilter.doFilterInternal(RequestContextFilter.java:100)
	at org.springframework.web.filter.OncePerRequestFilter.doFilter(OncePerRequestFilter.java:116)
	at org.apache.catalina.core.ApplicationFilterChain.internalDoFilter(ApplicationFilterChain.java:162)
	at org.apache.catalina.core.ApplicationFilterChain.doFilter(ApplicationFilterChain.java:138)
	at org.springframework.web.filter.FormContentFilter.doFilterInternal(FormContentFilter.java:93)
	at org.springframework.web.filter.OncePerRequestFilter.doFilter(OncePerRequestFilter.java:116)
	at org.apache.catalina.core.ApplicationFilterChain.internalDoFilter(ApplicationFilterChain.java:162)
	at org.apache.catalina.core.ApplicationFilterChain.doFilter(ApplicationFilterChain.java:138)
	at org.springframework.web.filter.CharacterEncodingFilter.doFilterInternal(CharacterEncodingFilter.java:201)
	at org.springframework.web.filter.OncePerRequestFilter.doFilter(OncePerRequestFilter.java:116)
	at org.apache.catalina.core.ApplicationFilterChain.internalDoFilter(ApplicationFilterChain.java:162)
	at org.apache.catalina.core.ApplicationFilterChain.doFilter(ApplicationFilterChain.java:138)
	at org.apache.catalina.core.StandardWrapperValve.invoke(StandardWrapperValve.java:165)
	at org.apache.catalina.core.StandardContextValve.invoke(StandardContextValve.java:88)
	at org.apache.catalina.authenticator.AuthenticatorBase.invoke(AuthenticatorBase.java:492)
	at org.apache.catalina.core.StandardHostValve.invoke(StandardHostValve.java:113)
	at org.apache.catalina.valves.ErrorReportValve.invoke(ErrorReportValve.java:83)
	at org.apache.catalina.core.StandardEngineValve.invoke(StandardEngineValve.java:72)
	at org.apache.catalina.connector.CoyoteAdapter.service(CoyoteAdapter.java:342)
	at org.apache.coyote.http11.Http11Processor.service(Http11Processor.java:399)
	at org.apache.coyote.AbstractProcessorLight.process(AbstractProcessorLight.java:63)
	at org.apache.coyote.AbstractProtocol$ConnectionHandler.process(AbstractProtocol.java:903)
	at org.apache.tomcat.util.net.NioEndpoint$SocketProcessor.doRun(NioEndpoint.java:1797)
	at org.apache.tomcat.util.net.SocketProcessorBase.run(SocketProcessorBase.java:52)
	at org.apache.tomcat.util.threads.ThreadPoolExecutor.runWorker(ThreadPoolExecutor.java:973)
	at org.apache.tomcat.util.threads.ThreadPoolExecutor$Worker.run(ThreadPoolExecutor.java:491)
	at org.apache.tomcat.util.threads.TaskThread$WrappingRunnable.run(TaskThread.java:63)
	at java.base/java.lang.Thread.run(Thread.java:842)
'2026-05-29 21:44:58 {AsyncResolver-bootstrap-executor-%d} INFO  c.n.d.s.r.aws.ConfigClusterResolver - Resolving eureka endpoints via configuration
''2026-05-29 21:49:58 {AsyncResolver-bootstrap-executor-%d} INFO  c.n.d.s.r.aws.ConfigClusterResolver - Resolving eureka endpoints via configuration
''2026-05-29 21:54:54 {http-nio-8097-exec-6} INFO  o.s.a.r.c.CachingConnectionFactory - Attempting to connect to: [localhost:5672]
''2026-05-29 21:54:55 {http-nio-8097-exec-6} INFO  o.s.a.r.c.CachingConnectionFactory - Created new connection: rabbitConnectionFactory#9e2946:0/SimpleConnection@1265134d [delegate=amqp://guest@127.0.0.1:5672/, localPort=54958]
''2026-05-29 21:54:55 {http-nio-8097-exec-6} INFO  c.u.m.c.service.CitaService - Evento 'cita.confirmada' publicado en RabbitMQ
''2026-05-29 21:54:55 {http-nio-8097-exec-6} INFO  c.u.m.c.service.CitaService - Cita 3 creada para paciente 4
''2026-05-29 21:54:58 {AsyncResolver-bootstrap-executor-%d} INFO  c.n.d.s.r.aws.ConfigClusterResolver - Resolving eureka endpoints via configuration
''2026-05-29 21:59:58 {AsyncResolver-bootstrap-executor-%d} INFO  c.n.d.s.r.aws.ConfigClusterResolver - Resolving eureka endpoints via configuration
''2026-05-29 22:00:00 {scheduling-1} INFO  c.u.m.c.s.RecordatorioCronJob - CronJob recordatorios ejecutado a 2026-05-29T22:00:00.264741200. Buscando citas entre 2026-05-30T22:00:00.264741200 y 2026-05-30T23:00:00.264741200
''2026-05-29 22:00:02 {scheduling-1} INFO  c.u.m.c.s.RecordatorioCronJob - No hay citas para recordar en esta ventana horaria.
''2026-05-29 22:03:57 {http-nio-8097-exec-1} INFO  c.u.m.c.service.CitaService - Evento 'cita.confirmada' publicado en RabbitMQ
''2026-05-29 22:03:57 {http-nio-8097-exec-1} INFO  c.u.m.c.service.CitaService - Cita 4 creada para paciente 4
''2026-05-29 22:04:59 {AsyncResolver-bootstrap-executor-%d} INFO  c.n.d.s.r.aws.ConfigClusterResolver - Resolving eureka endpoints via configuration
''2026-05-29 22:05:39 {http-nio-8097-exec-9} INFO  c.u.m.c.service.CitaService - Evento 'cita.reprogramada' publicado en RabbitMQ
''2026-05-29 22:05:40 {http-nio-8097-exec-9} WARN  c.u.m.c.service.CitaService - No se pudo liberar el slot anterior 11: [404] during [POST] to [http://medicos-service/api/medico/slots/11/liberar] [MedicosClient#liberarSlot(Integer)]: [{"timestamp":"2026-05-30T04:05:40.817+00:00","status":404,"error":"Not Found","path":"/api/medico/slots/11/liberar"}]
''2026-05-29 22:05:50 {http-nio-8097-exec-6} INFO  c.u.m.c.service.CitaService - Evento 'cita.cancelada' publicado en RabbitMQ
''2026-05-29 22:05:50 {http-nio-8097-exec-6} WARN  c.u.m.c.service.CitaService - No se pudo liberar el slot 1 al cancelar cita 2: [404] during [POST] to [http://medicos-service/api/medico/slots/1/liberar] [MedicosClient#liberarSlot(Integer)]: [{"timestamp":"2026-05-30T04:05:50.825+00:00","status":404,"error":"Not Found","path":"/api/medico/slots/1/liberar"}]
''2026-05-29 22:05:50 {http-nio-8097-exec-6} INFO  c.u.m.c.service.CitaService - Cita 2 cancelada por paciente 4
''2026-05-29 22:09:27 {http-nio-8097-exec-10} ERROR o.a.c.c.C.[.[.[.[dispatcherServlet] - Servlet.service() for servlet [dispatcherServlet] in context with path [] threw exception [Request processing failed: feign.FeignException$NotFound: [404] during [GET] to [http://pacientes-service/api/pacientes/email?email=elopez%40inforumsol.com] [PacientesClient#buscarPorEmail(String)]: [{"timestamp":"2026-05-30T04:09:26.750+00:00","status":404,"error":"Not Found","path":"/api/pacientes/email"}]] with root cause
'feign.FeignException$NotFound: [404] during [GET] to [http://pacientes-service/api/pacientes/email?email=elopez%40inforumsol.com] [PacientesClient#buscarPorEmail(String)]: [{"timestamp":"2026-05-30T04:09:26.750+00:00","status":404,"error":"Not Found","path":"/api/pacientes/email"}]
	at feign.FeignException.clientErrorStatus(FeignException.java:249)
	at feign.FeignException.errorStatus(FeignException.java:223)
	at feign.FeignException.errorStatus(FeignException.java:213)
	at feign.codec.ErrorDecoder$Default.decode(ErrorDecoder.java:103)
	at feign.InvocationContext.decodeError(InvocationContext.java:133)
	at feign.InvocationContext.proceed(InvocationContext.java:80)
	at feign.ResponseHandler.handleResponse(ResponseHandler.java:69)
	at feign.SynchronousMethodHandler.executeAndDecode(SynchronousMethodHandler.java:109)
	at feign.SynchronousMethodHandler.invoke(SynchronousMethodHandler.java:53)
	at feign.ReflectiveFeign$FeignInvocationHandler.invoke(ReflectiveFeign.java:104)
	at jdk.proxy2/jdk.proxy2.$Proxy154.buscarPorEmail(Unknown Source)
	at com.umg.microservicios.citas_service.service.CitaService.resolverPacienteId(CitaService.java:44)
	at com.umg.microservicios.citas_service.service.CitaService.obtenerHistorialPaciente(CitaService.java:175)
	at java.base/jdk.internal.reflect.NativeMethodAccessorImpl.invoke0(Native Method)
	at java.base/jdk.internal.reflect.NativeMethodAccessorImpl.invoke(NativeMethodAccessorImpl.java:77)
	at java.base/jdk.internal.reflect.DelegatingMethodAccessorImpl.invoke(DelegatingMethodAccessorImpl.java:43)
	at java.base/java.lang.reflect.Method.invoke(Method.java:568)
	at org.springframework.aop.support.AopUtils.invokeJoinpointUsingReflection(AopUtils.java:360)
	at org.springframework.aop.framework.CglibAopProxy$DynamicAdvisedInterceptor.intercept(CglibAopProxy.java:724)
	at com.umg.microservicios.citas_service.service.CitaService$$SpringCGLIB$$0.obtenerHistorialPaciente(<generated>)
	at com.umg.microservicios.citas_service.controller.CitaController.getMisCitas(CitaController.java:28)
	at java.base/jdk.internal.reflect.NativeMethodAccessorImpl.invoke0(Native Method)
	at java.base/jdk.internal.reflect.NativeMethodAccessorImpl.invoke(NativeMethodAccessorImpl.java:77)
	at java.base/jdk.internal.reflect.DelegatingMethodAccessorImpl.invoke(DelegatingMethodAccessorImpl.java:43)
	at java.base/java.lang.reflect.Method.invoke(Method.java:568)
	at org.springframework.web.method.support.InvocableHandlerMethod.doInvoke(InvocableHandlerMethod.java:258)
	at org.springframework.web.method.support.InvocableHandlerMethod.invokeForRequest(InvocableHandlerMethod.java:191)
	at org.springframework.web.servlet.mvc.method.annotation.ServletInvocableHandlerMethod.invokeAndHandle(ServletInvocableHandlerMethod.java:118)
	at org.springframework.web.servlet.mvc.method.annotation.RequestMappingHandlerAdapter.invokeHandlerMethod(RequestMappingHandlerAdapter.java:991)
	at org.springframework.web.servlet.mvc.method.annotation.RequestMappingHandlerAdapter.handleInternal(RequestMappingHandlerAdapter.java:896)
	at org.springframework.web.servlet.mvc.method.AbstractHandlerMethodAdapter.handle(AbstractHandlerMethodAdapter.java:87)
	at org.springframework.web.servlet.DispatcherServlet.doDispatch(DispatcherServlet.java:1089)
	at org.springframework.web.servlet.DispatcherServlet.doService(DispatcherServlet.java:979)
	at org.springframework.web.servlet.FrameworkServlet.processRequest(FrameworkServlet.java:1014)
	at org.springframework.web.servlet.FrameworkServlet.doGet(FrameworkServlet.java:903)
	at jakarta.servlet.http.HttpServlet.service(HttpServlet.java:564)
	at org.springframework.web.servlet.FrameworkServlet.service(FrameworkServlet.java:885)
	at jakarta.servlet.http.HttpServlet.service(HttpServlet.java:658)
	at org.apache.catalina.core.ApplicationFilterChain.internalDoFilter(ApplicationFilterChain.java:193)
	at org.apache.catalina.core.ApplicationFilterChain.doFilter(ApplicationFilterChain.java:138)
	at org.apache.tomcat.websocket.server.WsFilter.doFilter(WsFilter.java:51)
	at org.apache.catalina.core.ApplicationFilterChain.internalDoFilter(ApplicationFilterChain.java:162)
	at org.apache.catalina.core.ApplicationFilterChain.doFilter(ApplicationFilterChain.java:138)
	at org.springframework.web.filter.CorsFilter.doFilterInternal(CorsFilter.java:91)
	at org.springframework.web.filter.OncePerRequestFilter.doFilter(OncePerRequestFilter.java:116)
	at org.apache.catalina.core.ApplicationFilterChain.internalDoFilter(ApplicationFilterChain.java:162)
	at org.apache.catalina.core.ApplicationFilterChain.doFilter(ApplicationFilterChain.java:138)
	at org.springframework.web.filter.RequestContextFilter.doFilterInternal(RequestContextFilter.java:100)
	at org.springframework.web.filter.OncePerRequestFilter.doFilter(OncePerRequestFilter.java:116)
	at org.apache.catalina.core.ApplicationFilterChain.internalDoFilter(ApplicationFilterChain.java:162)
	at org.apache.catalina.core.ApplicationFilterChain.doFilter(ApplicationFilterChain.java:138)
	at org.springframework.web.filter.FormContentFilter.doFilterInternal(FormContentFilter.java:93)
	at org.springframework.web.filter.OncePerRequestFilter.doFilter(OncePerRequestFilter.java:116)
	at org.apache.catalina.core.ApplicationFilterChain.internalDoFilter(ApplicationFilterChain.java:162)
	at org.apache.catalina.core.ApplicationFilterChain.doFilter(ApplicationFilterChain.java:138)
	at org.springframework.web.filter.CharacterEncodingFilter.doFilterInternal(CharacterEncodingFilter.java:201)
	at org.springframework.web.filter.OncePerRequestFilter.doFilter(OncePerRequestFilter.java:116)
	at org.apache.catalina.core.ApplicationFilterChain.internalDoFilter(ApplicationFilterChain.java:162)
	at org.apache.catalina.core.ApplicationFilterChain.doFilter(ApplicationFilterChain.java:138)
	at org.apache.catalina.core.StandardWrapperValve.invoke(StandardWrapperValve.java:165)
	at org.apache.catalina.core.StandardContextValve.invoke(StandardContextValve.java:88)
	at org.apache.catalina.authenticator.AuthenticatorBase.invoke(AuthenticatorBase.java:492)
	at org.apache.catalina.core.StandardHostValve.invoke(StandardHostValve.java:113)
	at org.apache.catalina.valves.ErrorReportValve.invoke(ErrorReportValve.java:83)
	at org.apache.catalina.core.StandardEngineValve.invoke(StandardEngineValve.java:72)
	at org.apache.catalina.connector.CoyoteAdapter.service(CoyoteAdapter.java:342)
	at org.apache.coyote.http11.Http11Processor.service(Http11Processor.java:399)
	at org.apache.coyote.AbstractProcessorLight.process(AbstractProcessorLight.java:63)
	at org.apache.coyote.AbstractProtocol$ConnectionHandler.process(AbstractProtocol.java:903)
	at org.apache.tomcat.util.net.NioEndpoint$SocketProcessor.doRun(NioEndpoint.java:1797)
	at org.apache.tomcat.util.net.SocketProcessorBase.run(SocketProcessorBase.java:52)
	at org.apache.tomcat.util.threads.ThreadPoolExecutor.runWorker(ThreadPoolExecutor.java:973)
	at org.apache.tomcat.util.threads.ThreadPoolExecutor$Worker.run(ThreadPoolExecutor.java:491)
	at org.apache.tomcat.util.threads.TaskThread$WrappingRunnable.run(TaskThread.java:63)
	at java.base/java.lang.Thread.run(Thread.java:842)
'2026-05-29 22:09:59 {AsyncResolver-bootstrap-executor-%d} INFO  c.n.d.s.r.aws.ConfigClusterResolver - Resolving eureka endpoints via configuration
'